opus,key,performer,year,time,seconds,label,pid,status,piece_path,performer_label
41.3,B maj,Rubinstein,1939,1:08,68,Naxos 8.110656-57,9049-28,-,mazurka41-3/pid9049-28,20
7.4,A maj,Hatto,2006,1:08,68,Con. Artist 9270/12,9073-10,-,mazurka07-4/pid9073-10,9
6.3,E maj,Ohlsson,1999,1:46,106,Arabesque Z6730-2,9153-03,-,mazurka06-3/pid9153-03,16
7.4,A maj,Poblocka,1999,1:12,72,BeArTon CDB012/13,9093-09,-,mazurka07-4/pid9093-09,18
24.4,B min,Horowitz,1951,4:34,274,Philips 456 842-2 ,5667249-14,-,mazurka24-4/pid5667249-14,10
30.3,D maj,Cortot,1951,3:15,195,Concert Artist 9180/12 ,9066-20,-,mazurka30-3/pid9066-20,2
68.2,A min,Sofronitsky,1949,2:05,125,Vista Vera VVCD-00118-2,9114b-14,-,mazurka68-2/pid9114b-14,21
63.2,F min,Ferenczy,1958,2:25,145,Hungaroton HCD 32121,9097-23,-,mazurka63-2/pid9097-23,4
50.1,G maj,Fou,2005,2:32,152,NIFC CD001,9092-11,-,mazurka50-1/pid9092-11,6
30.2,B min,Magaloff,1977,1:32,92,Phillips 426 817/29-2,9074f-19,precor,mazurka30-2/pid9074f-19,13
41.2,E min,Hatto,2006,2:31,151,Con. Artist 9270/12,9073b-02,-,mazurka41-2/pid9073b-02,9
17.4,A min,Poblocka,1999,3:46,226,BeArTon CDB012/13,9093-13,precor,mazurka17-4/pid9093-13,18
59.3,F# min,Ashkenazy,1981,3:13,193,Decca 448 086-2,9058b-09,-,mazurka59-3/pid9058b-09,0
63.3,C# min,Friedman,1930,2:16,136,Philips 456 784-2 ,5667230-16,precor,mazurka63-3/pid5667230-16,8
41.4,A maj,Rubinstein,1939,2:02,122,Naxos 8.110656-57,9049-29,-,mazurka41-4/pid9049-29,20
68.3,F maj,Rubinstein,1939,1:27,87,Naxos 8.110656-57,9049b-19,xprecor,mazurka68-3/pid9049b-19,20
30.1,C min,Rubinstein,1966,1:37,97,BMG 09026-63050-2,9059-18,-,mazurka30-1/pid9059-18,20
6.3,E maj,Rubinstein,1966,2:04,124,BMG 09026-63050-2,9059-03,-,mazurka06-3/pid9059-03,20
59.2,A maj,Perlemuter,1992,2:38,158,Nimbus NI5393,9089-03,-,mazurka59-2/pid9089-03,17
6.1,F# min,Francois,1956,1:32,92,EMI CZS 7 67413 2,9070-09,-,mazurka06-1/pid9070-09,7
6.1,F# min,Magaloff,1977,3:01,181,Phillips 426 817/29-2,9074f-01,-,mazurka06-1/pid9074f-01,13
68.2,A min,Uninsky,1959,2:46,166,Philips 442 574-2,9061b-15,-,mazurka68-2/pid9061b-15,23
7.3,F min,Ashkenazy,1981,2:19,139,Decca 448 086-2,9058-07,-,mazurka07-3/pid9058-07,0
41.2,E min,Francois,1956,2:17,137,EMI CZS 7 67413 2,9070b-10,-,mazurka41-2/pid9070b-10,7
41.3,B maj,Magaloff,1977,1:21,81,Phillips 426 817/29-2,9074f-28,-,mazurka41-3/pid9074f-28,13
33.1,G# min,Fiorentino,1963,1:38,98,Con. Artist 9200-2 ,9065-17,-,mazurka33-1/pid9065-17,5
63.1,B maj,Ashkenazy,1981,1:59,119,Decca 448 086-2,9058b-10,-,mazurka63-1/pid9058b-10,0
7.4,A maj,Czerny-Stefanska,1989,1:19,79,Pony Canyon Classics PCCL-00460,9192-08,-,mazurka07-4/pid9192-08,3
6.3,E maj,Magaloff,1977,1:55,115,Phillips 426 817/29-2,9074f-03,-,mazurka06-3/pid9074f-03,13
63.1,B maj,Rosenthal,1937,2:15,135,Appian CDAPR 7002,9184b-09,-,mazurka63-1/pid9184b-09,19
30.3,D maj,Sofronitsky,1961,2:40,160,Classound 001-026 ,9113-16,-,mazurka30-3/pid9113-16,21
56.3,C min,Francois,1956,5:43,343,EMI CZS 7 67413 2,9070b-18,-,mazurka56-3/pid9070b-18,7
30.2,B min,Luisada,1990,1:30,90,DG 463054-2,9055-19,precor,mazurka30-2/pid9055-19,12
41.4,A maj,Rubinstein,1966,2:10,130,BMG 09026-63050-2,9059b-04,-,mazurka41-4/pid9059b-04,20
56.3,C min,Czerny-Stefanska,1990,6:38,398,Pony Canyon Classics PCCL-00460,9192b-06,-,mazurka56-3/pid9192b-06,3
17.1,B maj,Sofronitsky,1949,1:59,119,Vista Vera VVCD-00118-2,9114-29,-,mazurka17-1/pid9114-29,21
67.4,A min,Fou,1978,2:34,154,Sony SB2K 53 246,9071b-23,-,mazurka67-4/pid9071b-23,6
56.2,C maj,Rubinstein,1966,1:44,104,BMG 09026-63050-2,9059b-09,-,mazurka56-2/pid9059b-09,20
41.2,E min,Fou,2005,2:34,154,NIFC CD001,9092-15,-,mazurka41-2/pid9092-15,6
50.3,C# min,Horowitz,1935,4:19,259,Philips 456 842-2 ,5667249-05,-,mazurka50-3/pid5667249-05,10
59.2,A maj,Rubinstein,1952,2:16,136,BMG 09026 63027-2,9075b-08,-,mazurka59-2/pid9075b-08,20
7.1,B maj,Hatto,2006,2:24,144,Con. Artist 9270/12,9073-07,-,mazurka07-1/pid9073-07,9
24.2,C maj,Hatto,2006,2:33,153,Con. Artist 9270/12,9073-17,precor,mazurka24-2/pid9073-17,9
33.2,D maj,Francois,1956,2:17,137,EMI CZS 7 67413 2,9070b-06,-,mazurka33-2/pid9070b-06,7
59.3,F# min,Poblocka,1999,3:19,199,BeArTon CDB012/13,9093b-15,-,mazurka59-3/pid9093b-15,18
17.4,A min,Francois,1956,4:08,248,EMI CZS 7 67413 2,9070-21,precor,mazurka17-4/pid9070-21,7
63.2,F min,Sofronitsky,1961,1:44,104,Classound 001-026 ,9113-11,-,mazurka63-2/pid9113-11,21
41.2,E min,Horowitz,1933,1:57,117,Philips 456 842-2 ,5667249-04,-,mazurka41-2/pid5667249-04,10
30.1,C min,Hatto,2006,1:40,100,Con. Artist 9270/12,9073-20,-,mazurka30-1/pid9073-20,9
63.3,C# min,Ferenczy,1958,1:57,117,Hungaroton HCD 32121,9097-24,precor,mazurka63-3/pid9097-24,4
7.4,A maj,Fiorentino,1962,1:11,71,Con. Artist 9200-2 ,9065-05,-,mazurka07-4/pid9065-05,5
24.4,B min,Luisada,1990,4:54,294,DG 463054-2,9055-17,-,mazurka24-4/pid9055-17,12
50.3,C# min,Poblocka,1999,6:01,361,BeArTon CDB012/13,9093b-09,-,mazurka50-3/pid9093b-09,18
68.3,F maj,Sofronitsky,1949,1:23,83,Vista Vera VVCD-00118-2,9114-34,-,mazurka68-3/pid9114-34,21
6.2,C# min,Fou,1978,2:45,165,Sony SB2K 53 246,9071-07,-,mazurka06-2/pid9071-07,6
59.2,A maj,Francois,1956,2:26,146,EMI CZS 7 67413 2,9070b-20,-,mazurka59-2/pid9070b-20,7
24.3,A maj,Ohlsson,1999,2:11,131,Arabesque Z6730-2,9153-16,-,mazurka24-3/pid9153-16,16
41.4,A maj,Poblocka,1999,1:52,112,BeArTon CDB012/13,9093b-03,-,mazurka41-4/pid9093b-03,18
50.3,C# min,Rubinstein,1966,5:20,320,BMG 09026-63050-2,9059b-07,-,mazurka50-3/pid9059b-07,20
33.4,B min,Rosenthal,1935,4:29,269,Membran 222913-321,9057j-04,-,mazurka33-4/pid9057j-04,19
50.2,A maj,Rosenthal,1935,3:01,181,Membran 222913-321,9057j-05,-,mazurka50-2/pid9057j-05,19
17.3,A maj,Kushner,1990,4:38,278,Connoisseur CD4181/2,9118-12,-,mazurka17-3/pid9118-12,11
6.4,E min,Fou,1978,0:58,58,Sony SB2K 53 246,9071-09,-,mazurka06-4/pid9071-09,6
17.1,B maj,Rubinstein,1952,1:46,106,BMG 09026 63027-2,9075-10,-,mazurka17-1/pid9075-10,20
50.2,A maj,Bacha,2000,3:10,190,Forlane 126817,9166j-02,-,mazurka50-2/pid9166j-02,1
7.2,A min,Rubinstein,1966,3:29,209,BMG 09026-63050-2,9059-06,precor,mazurka07-2/pid9059-06,20
7.2,A min,Fou,2005,3:14,194,NIFC CD001,9092-17,-,mazurka07-2/pid9092-17,6
41.3,B maj,Ohlsson,1999,1:07,67,Arabesque Z6730-2,9153-27,-,mazurka41-3/pid9153-27,16
33.4,B min,Ohlsson,1999,4:22,262,Arabesque Z6730-2,9153-25,-,mazurka33-4/pid9153-25,16
30.4,C# min,Fou,1978,4:19,259,Sony SB2K 53 246,9071-32,-,mazurka30-4/pid9071-32,6
17.1,B maj,Francois,1956,1:45,105,EMI CZS 7 67413 2,9070-18,-,mazurka17-1/pid9070-18,7
30.4,C# min,Hatto,2006,4:19,259,Con. Artist 9270/12,9073-23,-,mazurka30-4/pid9073-23,9
41.3,B maj,Fou,1978,1:15,75,Sony SB2K 53 246,9071b-06,-,mazurka41-3/pid9071b-06,6
30.3,D maj,Rubinstein,1952,3:02,182,BMG 09026 63027-2,9075-20,-,mazurka30-3/pid9075-20,20
67.1,G maj,Ohlsson,1999,1:12,72,Arabesque Z6730-2,9153b-15,-,mazurka67-1/pid9153b-15,16
50.2,A maj,Rubinstein,1939,2:30,150,Naxos 8.110656-57,9049b-02,-,mazurka50-2/pid9049b-02,20
33.4,B min,Ashkenazy,1981,4:34,274,Decca 448 086-2,9058-25,-,mazurka33-4/pid9058-25,0
24.3,A maj,Rosenthal,1937,1:30,90,Appian CDAPR 7002,9184b-11,-,mazurka24-3/pid9184b-11,19
30.1,C min,Bacha,1999,1:41,101,Forlane 126817,9166f-15,-,mazurka30-1/pid9166f-15,1
59.1,A min,Ohlsson,1999,4:02,242,Arabesque Z6730-2,9153b-07,-,mazurka59-1/pid9153b-07,16
24.4,B min,Hatto,2006,5:24,324,Con. Artist 9270/12,9073-19,-,mazurka24-4/pid9073-19,9
59.2,A maj,Uninsky,1971,2:58,178,Philips 442 574-2,9061b-05,-,mazurka59-2/pid9061b-05,23
24.2,C maj,Poblocka,1999,2:19,139,BeArTon CDB012/13,9093-15,precor,mazurka24-2/pid9093-15,18
59.3,F# min,Bacha,2000,3:15,195,Forlane 126817,9166l-03,-,mazurka59-3/pid9166l-03,1
17.3,A maj,Uninsky,1971,2:59,179,Philips 442 574-2,9061-12,-,mazurka17-3/pid9061-12,23
50.1,G maj,Cortot,1951,3:20,200,Concert Artist 9180/12 ,9066b-01,-,mazurka50-1/pid9066b-01,2
68.3,F maj,Bacha,1997,1:46,106,Forlane 126817,9166b-09,-,mazurka68-3/pid9166b-09,1
30.4,C# min,Ashkenazy,1982,3:37,217,London 410 122-2,50848-05,-,mazurka30-4/pid50848-05,0
17.2,E min,Rubinstein,1952,1:47,107,BMG 09026 63027-2,9075-11,-,mazurka17-2/pid9075-11,20
67.1,G maj,Sztompka,1959,1:12,72,Muza PNOD 313 A/B,9170b-15,-,mazurka67-1/pid9170b-15,22
56.2,C maj,Poblocka,1999,1:42,102,BeArTon CDB012/13,9093b-11,-,mazurka56-2/pid9093b-11,18
68.3,F maj,Hatto,2006,1:47,107,Con. Artist 9270/12,9073b-25,precor,mazurka68-3/pid9073b-25,9
6.1,F# min,Poblocka,1999,3:06,186,BeArTon CDB012/13,9093-01,-,mazurka06-1/pid9093-01,18
56.2,C maj,Michelangeli,1971,1:45,105,Philips 456 904-2,5667269b-32,-,mazurka56-2/pid5667269b-32,15
17.3,A maj,Rubinstein,1952,4:17,257,BMG 09026 63027-2,9075-12,-,mazurka17-3/pid9075-12,20
33.4,B min,Francois,1956,4:39,279,EMI CZS 7 67413 2,9070b-08,-,mazurka33-4/pid9070b-08,7
59.2,A maj,Bacha,2000,2:40,160,Forlane 126817,9166l-02,-,mazurka59-2/pid9166l-02,1
67.2,G min,Michelangeli,1971,1:58,118,Philips 456 904-2,5667269b-31,-,mazurka67-2/pid5667269b-31,15
24.3,A maj,Uninsky,1971,2:13,133,Philips 442 574-2,9061-16,-,mazurka24-3/pid9061-16,23
67.1,G maj,Rubinstein,1952,1:01,61,BMG 09026 63027-2,9075b-13,-,mazurka67-1/pid9075b-13,20
68.2,A min,Michelangeli,1971,3:04,184,Philips 456 904-2,5667269b-34,tap05,mazurka68-2/pid5667269b-34,15
59.3,F# min,Perlemuter,1992,4:02,242,Nimbus NI5393,9089-04,-,mazurka59-3/pid9089-04,17
68.2,A min,Ohlsson,1999,2:40,160,Arabesque Z6730-2,9153b-20,-,mazurka68-2/pid9153b-20,16
24.3,A maj,Czerny-Stefanska,1989,2:12,132,Pony Canyon Classics PCCL-00460,9192-16,-,mazurka24-3/pid9192-16,3
7.1,B maj,Fiorentino,1990,2:36,156,Con. Artist 9200-2 ,9065-02,-,mazurka07-1/pid9065-02,5
7.3,F min,Cortot,1951,2:30,150,Concert Artist 9180/12 ,9066-07,-,mazurka07-3/pid9066-07,2
67.3,C maj,Fou,1978,1:26,86,Sony SB2K 53 246,9071-24,-,mazurka67-3/pid9071-24,6
24.2,C maj,Ashkenazy,1981,2:03,123,Decca 448 086-2,9058-15,precor,mazurka24-2/pid9058-15,0
30.3,D maj,Michelangeli,1962,3:25,205,Warner Apex 40647,918726-09,-,mazurka30-3/pid918726-09,15
7.2,A min,Ohlsson,1999,3:11,191,Arabesque Z6730-2,9153-06,-,mazurka07-2/pid9153-06,16
24.2,C maj,Rubinstein,1952,2:00,120,BMG 09026 63027-2,9075-15,precor,mazurka24-2/pid9075-15,20
68.2,A min,Sztompka,1959,2:48,168,Muza PNOD 313 A/B,9170b-20,-,mazurka68-2/pid9170b-20,22
67.2,G min,Rubinstein,1952,1:35,95,BMG 09026 63027-2,9075b-14,-,mazurka67-2/pid9075b-14,20
6.2,C# min,Rubinstein,1939,2:28,148,Naxos 8.110656-57,9049-02,-,mazurka06-2/pid9049-02,20
24.3,A maj,Ashkenazy,1981,1:55,115,Decca 448 086-2,9058-16,-,mazurka24-3/pid9058-16,0
59.3,F# min,Ohlsson,1999,3:25,205,Arabesque Z6730-2,9153b-09,-,mazurka59-3/pid9153b-09,16
7.5,C maj,Bacha,1997,1:14,74,Forlane 126817,9166c-12,-,mazurka07-5/pid9166c-12,1
30.4,C# min,Poblocka,1999,3:21,201,BeArTon CDB012/13,9093-21,-,mazurka30-4/pid9093-21,18
7.2,A min,Poblocka,1999,3:32,212,BeArTon CDB012/13,9093-07,-,mazurka07-2/pid9093-07,18
24.4,B min,Uninsky,1971,4:11,251,Philips 442 574-2,9061-17,-,mazurka24-4/pid9061-17,23
24.4,B min,Sztompka,1959,5:08,308,Muza PNOD 313 A/B,9170-17,-,mazurka24-4/pid9170-17,22
6.2,C# min,Czerny-Stefanska,1989,2:21,141,Pony Canyon Classics PCCL-00460,9192-02,-,mazurka06-2/pid9192-02,3
41.4,A maj,Francois,1956,1:40,100,EMI CZS 7 67413 2,9070b-12,-,mazurka41-4/pid9070b-12,7
7.1,B maj,Rubinstein,1952,2:09,129,BMG 09026 63027-2,9075-05,-,mazurka07-1/pid9075-05,20
17.2,E min,Fou,2005,2:02,122,NIFC CD001,9092-14,-,mazurka17-2/pid9092-14,6
50.2,A maj,Cortot,1951,3:19,199,Concert Artist 9180/12 ,9066b-02,-,mazurka50-2/pid9066b-02,2
56.2,C maj,Hatto,2006,1:44,104,Con. Artist 9270/12,9073b-09,-,mazurka56-2/pid9073b-09,9
17.4,A min,Rubinstein,1952,4:01,241,BMG 09026 63027-2,9075-13,precor,mazurka17-4/pid9075-13,20
30.4,C# min,Horowitz,1928,3:43,223,Philips 456 842-2 ,5667249-02,-,mazurka30-4/pid5667249-02,10
30.4,C# min,Czerny-Stefanska,1989,4:08,248,Pony Canyon Classics PCCL-00460,9192-21,-,mazurka30-4/pid9192-21,3
7.5,C maj,Fou,1978,0:38,38,Sony SB2K 53 246,9071-14,-,mazurka07-5/pid9071-14,6
59.1,A min,Rubinstein,1939,3:22,202,Naxos 8.110656-57,9049b-07,tap05,mazurka59-1/pid9049b-07,20
50.3,C# min,Ashkenazy,1981,4:57,297,Decca 448 086-2,9058b-03,-,mazurka50-3/pid9058b-03,0
67.2,G min,Czerny-Stefanska,1990,2:04,124,Pony Canyon Classics PCCL-00460,9192b-16,-,mazurka67-2/pid9192b-16,3
68.2,A min,Hatto,2006,3:23,203,Con. Artist 9270/12,9073b-24,-,mazurka68-2/pid9073b-24,9
41.2,E min,Sztompka,1959,2:44,164,Muza PNOD 313 A/B,9170-26,-,mazurka41-2/pid9170-26,22
17.1,B maj,Cortot,1951,2:32,152,Concert Artist 9180/12 ,9066-10,-,mazurka17-1/pid9066-10,2
24.4,B min,Rubinstein,1966,5:04,304,BMG 09026-63050-2,9059-17,-,mazurka24-4/pid9059-17,20
50.3,C# min,Fou,1978,4:45,285,Sony SB2K 53 246,9071b-13,-,mazurka50-3/pid9071b-13,6
33.2,D maj,Ashkenazy,1981,2:03,123,Decca 448 086-2,9058-23,-,mazurka33-2/pid9058-23,0
59.1,A min,Cortot,1951,4:05,245,Concert Artist 9180/12 ,9066b-07,-,mazurka59-1/pid9066b-07,2
7.3,F min,Poblocka,1999,2:15,135,BeArTon CDB012/13,9093-08,-,mazurka07-3/pid9093-08,18
24.4,B min,Fou,2005,4:52,292,NIFC CD001,9092-07,-,mazurka24-4/pid9092-07,6
68.3,F maj,Ohlsson,1999,1:39,99,Arabesque Z6730-2,9153b-21,-,mazurka68-3/pid9153b-21,16
41.4,A maj,Bacha,1999,1:52,112,Forlane 126817,9166h-05,-,mazurka41-4/pid9166h-05,1
30.1,C min,Ohlsson,1999,2:03,123,Arabesque Z6730-2,9153-18,-,mazurka30-1/pid9153-18,16
30.4,C# min,Malcuzynski,1961,3:45,225,EMI CZS 5 68226 2,918904-06,-,mazurka30-4/pid918904-06,14
33.3,C maj,Fou,1978,2:02,122,Sony SB2K 53 246,9071b-03,-,mazurka33-3/pid9071b-03,6
50.3,C# min,Ohlsson,1999,4:51,291,Arabesque Z6730-2,9153b-03,-,mazurka50-3/pid9153b-03,16
30.3,D maj,Ashkenazy,1981,2:36,156,Decca 448 086-2,9058-20,-,mazurka30-3/pid9058-20,0
17.4,A min,Ferenczy,1958,5:07,307,Hungaroton HCD 32121,9097-17,precor,mazurka17-4/pid9097-17,4
30.3,D maj,Poblocka,1999,2:33,153,BeArTon CDB012/13,9093-20,-,mazurka30-3/pid9093-20,18
6.3,E maj,Sofronitsky,1949,1:39,99,Vista Vera VVCD-00118-2,9114-27,-,mazurka06-3/pid9114-27,21
68.1,C maj,Ashkenazy,1981,1:25,85,Decca 448 086-2,9058b-17,-,mazurka68-1/pid9058b-17,0
68.1,C maj,Bacha,1997,1:37,97,Forlane 126817,9166b-15,-,mazurka68-1/pid9166b-15,1
33.4,B min,Magaloff,1977,4:56,296,Phillips 426 817/29-2,9074f-25,-,mazurka33-4/pid9074f-25,13
6.1,F# min,Fou,1978,2:53,173,Sony SB2K 53 246,9071-06,-,mazurka06-1/pid9071-06,6
59.1,A min,Sztompka,1959,3:54,234,Muza PNOD 313 A/B,9170b-07,-,mazurka59-1/pid9170b-07,22
33.1,G# min,Rubinstein,1966,1:36,96,BMG 09026-63050-2,9059-22,-,mazurka33-1/pid9059-22,20
67.3,C maj,Hatto,2006,1:24,84,Con. Artist 9270/12,9073b-21,-,mazurka67-3/pid9073b-21,9
33.4,B min,Ashkenazy,1982,4:34,274,London 410 122-2,50848-12,-,mazurka33-4/pid50848-12,0
6.2,C# min,Rubinstein,1952,2:22,142,BMG 09026 63027-2,9075-02,-,mazurka06-2/pid9075-02,20
7.1,B maj,Uninsky,1959,1:45,105,Philips 442 574-2,9061-05,-,mazurka07-1/pid9061-05,23
7.5,C maj,Hatto,2006,0:34,34,Con. Artist 9270/12,9073-11,-,mazurka07-5/pid9073-11,9
24.4,B min,Friedman,1930,4:01,241,Naxos 8.111114,9125-12,-,mazurka24-4/pid9125-12,8
17.4,A min,Magaloff,1977,4:05,245,Philips 456 898-2,5667267b-10,precor,mazurka17-4/pid5667267b-10,13
56.2,C maj,Rubinstein,1939,1:26,86,Naxos 8.110656-57,9049b-05,-,mazurka56-2/pid9049b-05,20
7.4,A maj,Luisada,1990,1:24,84,DG 463054-2,9055-08,-,mazurka07-4/pid9055-08,12
7.3,F min,Fou,1978,2:29,149,Sony SB2K 53 246,9071-12,-,mazurka07-3/pid9071-12,6
6.3,E maj,Francois,1956,1:32,92,EMI CZS 7 67413 2,9070-11,-,mazurka06-3/pid9070-11,7
41.1,C# min,Friedman,1930,3:02,182,Philips 456 784-2 ,5667230-14,-,mazurka41-1/pid5667230-14,8
30.1,C min,Fiorentino,1961,1:21,81,Con. Artist 9200-2 ,9065-13,-,mazurka30-1/pid9065-13,5
7.4,A maj,Bacha,1997,1:14,74,Forlane 126817,9166c-11,-,mazurka07-4/pid9166c-11,1
6.3,E maj,Cortot,1951,2:04,124,Concert Artist 9180/12 ,9066-03,-,mazurka06-3/pid9066-03,2
24.4,B min,Malcuzynski,1961,4:56,296,EMI CZS 5 68226 2,918904-04,-,mazurka24-4/pid918904-04,14
6.4,E min,Sztompka,1959,0:50,50,Muza PNOD 313 A/B,9170-04,-,mazurka06-4/pid9170-04,22
33.4,B min,Sofronitsky,1961,5:27,327,Classound 001-026 ,9113-13,-,mazurka33-4/pid9113-13,21
33.2,D maj,Fou,1978,2:36,156,Sony Classical SBK 89846,59359-07,-,mazurka33-2/pid59359-07,6
59.2,A maj,Fou,1978,2:30,150,Sony SB2K 53 246,9071b-18,-,mazurka59-2/pid9071b-18,6
7.2,A min,Uninsky,1959,2:23,143,Philips 442 574-2,9061-06,precor,mazurka07-2/pid9061-06,23
68.4,F min,Uninsky,1959,2:01,121,Philips 442 574-2,9061b-17,-,mazurka68-4/pid9061b-17,23
30.2,B min,Czerny-Stefanska,1989,1:26,86,Pony Canyon Classics PCCL-00460,9192-19,-,mazurka30-2/pid9192-19,3
17.3,A maj,Fou,2005,4:20,260,NIFC CD001,9092-06,-,mazurka17-3/pid9092-06,6
41.3,B maj,Sztompka,1959,1:19,79,Muza PNOD 313 A/B,9170-27,-,mazurka41-3/pid9170-27,22
17.4,A min,Czerny-Stefanska,1989,3:51,231,Pony Canyon Classics PCCL-00460,9192-13,-,mazurka17-4/pid9192-13,3
24.3,A maj,Fou,2005,2:06,126,NIFC CD001,9092-03,-,mazurka24-3/pid9092-03,6
17.1,B maj,Sztompka,1959,2:16,136,Muza PNOD 313 A/B,9170-10,-,mazurka17-1/pid9170-10,22
17.2,E min,Kushner,1990,2:10,130,Connoisseur CD4181/2,9118-11,-,mazurka17-2/pid9118-11,11
41.4,A maj,Hatto,2006,1:47,107,Con. Artist 9270/12,9073b-04,-,mazurka41-4/pid9073b-04,9
33.4,B min,Poblocka,1999,4:40,280,BeArTon CDB012/13,9093-25,-,mazurka33-4/pid9093-25,18
24.2,C maj,Czerny-Stefanska,1989,2:24,144,Pony Canyon Classics PCCL-00460,9192-15,-,mazurka24-2/pid9192-15,3
63.3,C# min,Czerny-Stefanska,1990,2:12,132,Pony Canyon Classics PCCL-00460,9192b-12,-,mazurka63-3/pid9192b-12,3
24.2,C maj,Ohlsson,1999,2:03,123,Arabesque Z6730-2,9153-15,-,mazurka24-2/pid9153-15,16
30.3,D maj,Luisada,1990,3:07,187,DG 463054-2,9055-20,-,mazurka30-3/pid9055-20,12
68.1,C maj,Uninsky,1971,1:29,89,Philips 442 574-2,9061b-14,-,mazurka68-1/pid9061b-14,23
30.4,C# min,Cortot,1951,3:44,224,Concert Artist 9180/12 ,9066-21,-,mazurka30-4/pid9066-21,2
67.4,A min,Rubinstein,1966,3:04,184,BMG 09026-63050-2,9059b-20,-,mazurka67-4/pid9059b-20,20
59.2,A maj,Sztompka,1959,2:46,166,Muza PNOD 313 A/B,9170b-08,-,mazurka59-2/pid9170b-08,22
33.1,G# min,Kushner,1990,1:43,103,Connoisseur CD4181/2,9118-22,-,mazurka33-1/pid9118-22,11
68.2,A min,Fou,1978,3:17,197,Sony SB2K 53 246,9071-03,-,mazurka68-2/pid9071-03,6
24.2,C maj,Malcuzynski,1961,2:33,153,EMI CZS 5 68226 2,918904-03,-,mazurka24-2/pid918904-03,14
7.4,A maj,Rubinstein,1952,0:54,54,BMG 09026 63027-2,9075-08,-,mazurka07-4/pid9075-08,20
30.2,B min,Uninsky,1959,1:28,88,Philips 442 574-2,9061-19,precor,mazurka30-2/pid9061-19,23
30.3,D maj,Michelangeli,1971,3:13,193,Philips 456 904-2,5667269b-37,-,mazurka30-3/pid5667269b-37,15
41.1,C# min,Fou,1978,3:23,203,Sony SB2K 53 246,9071b-08,-,mazurka41-1/pid9071b-08,6
67.2,G min,Ferenczy,1958,2:51,171,Hungaroton HCD 32121,9097-22,-,mazurka67-2/pid9097-22,4
68.2,A min,Sofronitsky,1949,2:24,144,Vista Vera VVCD-00118-2,9114b-06,-,mazurka68-2/pid9114b-06,21
67.4,A min,Cortot,1951,3:47,227,Concert Artist 9180/12 ,9066b-16,-,mazurka67-4/pid9066b-16,2
30.3,D maj,Bacha,1999,2:29,149,Forlane 126817,9166f-17,-,mazurka30-3/pid9166f-17,1
24.3,A maj,Cortot,1951,2:14,134,Concert Artist 9180/12 ,9066-16,-,mazurka24-3/pid9066-16,2
7.4,A maj,Francois,1956,0:49,49,EMI CZS 7 67413 2,9070-16,-,mazurka07-4/pid9070-16,7
41.1,C# min,Perlemuter,1992,3:48,228,Nimbus NI5393,9089-11,-,mazurka41-1/pid9089-11,17
33.2,D maj,Friedman,1930,2:06,126,Philips 456 784-2 ,5667230-11,precor,mazurka33-2/pid5667230-11,8
30.1,C min,Cortot,1951,1:47,107,Concert Artist 9180/12 ,9066-18,-,mazurka30-1/pid9066-18,2
41.1,C# min,Uninsky,1959,3:28,208,Philips 442 574-2,9061-26,-,mazurka41-1/pid9061-26,23
63.1,B maj,Bacha,2000,2:00,120,Forlane 126817,9166l-08,-,mazurka63-1/pid9166l-08,1
33.4,B min,Michelangeli,1962,6:14,374,Warner Apex 40647,918726-08,-,mazurka33-4/pid918726-08,15
33.2,D maj,Magaloff,1977,2:37,157,Phillips 426 817/29-2,9074f-23,-,mazurka33-2/pid9074f-23,13
63.3,C# min,Bacha,2000,1:50,110,Forlane 126817,9166l-10,-,mazurka63-3/pid9166l-10,1
33.4,B min,Friedman,1930,4:11,251,Naxos 8.111114,9125-13,-,mazurka33-4/pid9125-13,8
30.1,C min,Fou,2005,1:34,94,NIFC CD001,9092-08,-,mazurka30-1/pid9092-08,6
63.2,F min,Bacha,2000,1:37,97,Forlane 126817,9166l-09,-,mazurka63-2/pid9166l-09,1
56.1,B maj,Bacha,2000,4:08,248,Forlane 126817,9166k-05,-,mazurka56-1/pid9166k-05,1
24.3,A maj,Luisada,1990,2:05,125,DG 463054-2,9055-16,-,mazurka24-3/pid9055-16,12
59.2,A maj,Ohlsson,1999,2:45,165,Arabesque Z6730-2,9153b-08,-,mazurka59-2/pid9153b-08,16
50.1,G maj,Rubinstein,1939,2:14,134,Naxos 8.110656-57,9049b-01,-,mazurka50-1/pid9049b-01,20
63.3,C# min,Rosenthal,1931,1:57,117,Membran 222913-321,9057j-07,precor,mazurka63-3/pid9057j-07,19
30.4,C# min,Fiorentino,1990,4:18,258,Con. Artist 9200-2 ,9065-16,-,mazurka30-4/pid9065-16,5
67.3,C maj,Rubinstein,1952,1:22,82,BMG 09026 63027-2,9075b-15,-,mazurka67-3/pid9075b-15,20
67.4,A min,Hatto,2006,2:53,173,Con. Artist 9270/12,9073b-22,-,mazurka67-4/pid9073b-22,9
24.1,G min,Czerny-Stefanska,1989,2:28,148,Pony Canyon Classics PCCL-00460,9192-14,-,mazurka24-1/pid9192-14,3
30.3,D maj,Ohlsson,1999,2:51,171,Arabesque Z6730-2,9153-20,-,mazurka30-3/pid9153-20,16
30.3,D maj,Hatto,2006,2:58,178,Con. Artist 9270/12,9073-22,-,mazurka30-3/pid9073-22,9
33.2,D maj,Rubinstein,1966,2:45,165,BMG 09026-63050-2,9059-23,-,mazurka33-2/pid9059-23,20
67.1,G maj,Rosenthal,1937,1:16,76,Appian CDAPR 7002,9184b-10,-,mazurka67-1/pid9184b-10,19
6.4,E min,Kushner,1990,0:50,50,Connoisseur CD4181/2,9118-04,-,mazurka06-4/pid9118-04,11
30.2,B min,Sztompka,1959,1:40,100,Muza PNOD 313 A/B,9170-19,-,mazurka30-2/pid9170-19,22
24.2,C maj,Rubinstein,1966,2:14,134,BMG 09026-63050-2,9059-15,precor,mazurka24-2/pid9059-15,20
68.4,F min,Perlemuter,1992,2:03,123,Nimbus NI5393,9089-14,-,mazurka68-4/pid9089-14,17
56.3,C min,Cortot,1951,7:04,424,Concert Artist 9180/12 ,9066b-06,-,mazurka56-3/pid9066b-06,2
33.2,D maj,Rosenthal,1937,2:30,150,Appian CDAPR 7002,9184b-08,-,mazurka33-2/pid9184b-08,19
7.1,B maj,Luisada,1990,2:33,153,DG 463054-2,9055-05,-,mazurka07-1/pid9055-05,12
56.1,B maj,Hatto,2006,4:03,243,Con. Artist 9270/12,9073b-08,-,mazurka56-1/pid9073b-08,9
63.1,B maj,Fou,1978,1:59,119,Sony SB2K 53 246,9071b-20,-,mazurka63-1/pid9071b-20,6
17.2,E min,Fou,1978,1:41,101,Sony SB2K 53 246,9071-18,-,mazurka17-2/pid9071-18,6
6.2,C# min,Ohlsson,1999,2:37,157,Arabesque Z6730-2,9153-02,-,mazurka06-2/pid9153-02,16
17.1,B maj,Kushner,1990,2:38,158,Connoisseur CD4181/2,9118-10,-,mazurka17-1/pid9118-10,11
24.4,B min,Francois,1956,3:47,227,EMI CZS 7 67413 2,9070-25,-,mazurka24-4/pid9070-25,7
7.2,A min,Magaloff,1977,2:57,177,Phillips 426 817/29-2,9074f-06,-,mazurka07-2/pid9074f-06,13
17.3,A maj,Ashkenazy,1981,4:04,244,Decca 448 086-2,9058-12,-,mazurka17-3/pid9058-12,0
17.3,A maj,Luisada,1990,4:49,289,DG 463054-2,9055-12,-,mazurka17-3/pid9055-12,12
30.3,D maj,Magaloff,1977,2:59,179,Phillips 426 817/29-2,9074f-20,-,mazurka30-3/pid9074f-20,13
33.2,D maj,Bacha,1999,2:21,141,Forlane 126817,9166g-02,-,mazurka33-2/pid9166g-02,1
17.4,A min,Fou,1978,4:02,242,Sony SB2K 53 246,9071-20,precor,mazurka17-4/pid9071-20,6
41.3,B maj,Rubinstein,1952,1:01,61,BMG 09026 63027-2,9075-28,-,mazurka41-3/pid9075-28,20
50.3,C# min,Malcuzynski,1961,4:58,298,EMI CZS 5 68226 2,918904-11,-,mazurka50-3/pid918904-11,14
56.2,C maj,Czerny-Stefanska,1990,1:54,114,Pony Canyon Classics PCCL-00460,9192b-05,-,mazurka56-2/pid9192b-05,3
6.1,F# min,Ashkenazy,1981,3:14,194,Decca 448 086-2,9058-01,-,mazurka06-1/pid9058-01,0
33.2,D maj,Rosenthal,1937,2:27,147,Membran 222913-321,9057j-03,-,mazurka33-2/pid9057j-03,19
41.3,B maj,Bacha,1999,1:12,72,Forlane 126817,9166h-04,-,mazurka41-3/pid9166h-04,1
63.1,B maj,Rosenthal,1937,2:14,134,Membran 222913-321,9057j-06,-,mazurka63-1/pid9057j-06,19
56.2,C maj,Uninsky,1959,1:28,88,Philips 442 574-2,9061b-02,-,mazurka56-2/pid9061b-02,23
50.3,C# min,Fiorentino,1963,5:49,349,Con. Artist 9200-2 ,9065-21,-,mazurka50-3/pid9065-21,5
41.1,C# min,Sofronitsky,1961,3:10,190,Classound 001-026 ,9113-09,-,mazurka41-1/pid9113-09,21
50.1,G maj,Fou,1978,2:22,142,Sony SB2K 53 246,9071b-11,-,mazurka50-1/pid9071b-11,6
24.4,B min,Kushner,1990,4:46,286,Connoisseur CD4181/2,9118-17,-,mazurka24-4/pid9118-17,11
6.3,E maj,Rubinstein,1952,1:58,118,BMG 09026 63027-2,9075-03,-,mazurka06-3/pid9075-03,20
67.1,G maj,Francois,1956,1:12,72,EMI CZS 7 67413 2,9070b-25,-,mazurka67-1/pid9070b-25,7
59.3,F# min,Sztompka,1959,3:40,220,Muza PNOD 313 A/B,9170b-09,-,mazurka59-3/pid9170b-09,22
56.1,B maj,Uninsky,1971,3:33,213,Philips 442 574-2,9061b-01,-,mazurka56-1/pid9061b-01,23
59.3,F# min,Francois,1956,3:16,196,EMI CZS 7 67413 2,9070b-21,-,mazurka59-3/pid9070b-21,7
33.1,G# min,Fou,2005,1:44,104,NIFC CD001,9092-02,-,mazurka33-1/pid9092-02,6
17.1,B maj,Fou,1978,2:14,134,Sony SB2K 53 246,9071-17,-,mazurka17-1/pid9071-17,6
17.1,B maj,Magaloff,1977,2:16,136,Philips 456 898-2,5667267b-07,-,mazurka17-1/pid5667267b-07,13
50.2,A maj,Ferenczy,1958,3:41,221,Hungaroton HCD 32121,9097-20,-,mazurka50-2/pid9097-20,4
6.2,C# min,Hatto,2006,2:45,165,Con. Artist 9270/12,9073-04,-,mazurka06-2/pid9073-04,9
30.1,C min,Kushner,1990,1:26,86,Connoisseur CD4181/2,9118-18,-,mazurka30-1/pid9118-18,11
24.1,G min,Kushner,1990,2:53,173,Connoisseur CD4181/2,9118-14,-,mazurka24-1/pid9118-14,11
17.4,A min,Ohlsson,1999,4:15,255,Arabesque Z6730-2,9153-13,precor,mazurka17-4/pid9153-13,16
7.2,A min,Rubinstein,1939,2:51,171,Naxos 8.110656-57,9049-06,tap20,mazurka07-2/pid9049-06,20
50.1,G maj,Ohlsson,1999,2:12,132,Arabesque Z6730-2,9153b-01,-,mazurka50-1/pid9153b-01,16
24.1,G min,Rubinstein,1939,2:03,123,Naxos 8.110656-57,9049-14,-,mazurka24-1/pid9049-14,20
59.2,A maj,Hatto,2006,2:41,161,Con. Artist 9270/12,9073b-12,-,mazurka59-2/pid9073b-12,9
6.2,C# min,Ferenczy,1958,2:57,177,Hungaroton HCD 32121,9097-10,-,mazurka06-2/pid9097-10,4
7.3,F min,Ferenczy,1958,2:08,128,Hungaroton HCD 32121,9097-13,-,mazurka07-3/pid9097-13,4
24.1,G min,Magaloff,1977,3:12,192,Phillips 426 817/29-2,9074f-14,-,mazurka24-1/pid9074f-14,13
41.2,E min,Malcuzynski,1961,2:18,138,EMI CZS 5 68226 2,918904-10,-,mazurka41-2/pid918904-10,14
67.3,C maj,Ohlsson,1999,1:23,83,Arabesque Z6730-2,9153b-17,-,mazurka67-3/pid9153b-17,16
6.1,F# min,Hatto,2006,3:02,182,Con. Artist 9270/12,9073-03,-,mazurka06-1/pid9073-03,9
59.3,F# min,Horowitz,1950,3:08,188,Philips 456 842-2 ,5667249-18,-,mazurka59-3/pid5667249-18,10
50.2,A maj,Rubinstein,1952,2:49,169,BMG 09026 63027-2,9075b-02,-,mazurka50-2/pid9075b-02,20
33.1,G# min,Malcuzynski,1961,1:33,93,EMI CZS 5 68226 2,918904-07,-,mazurka33-1/pid918904-07,14
68.3,F maj,Francois,1956,1:16,76,EMI CZS 7 67413 2,9070b-31,precor,mazurka68-3/pid9070b-31,7
56.2,C maj,Cortot,1951,1:32,92,Concert Artist 9180/12 ,9066b-05,-,mazurka56-2/pid9066b-05,2
56.3,C min,Ohlsson,1999,6:10,370,Arabesque Z6730-2,9153b-06,-,mazurka56-3/pid9153b-06,16
41.4,A maj,Ohlsson,1999,1:50,110,Arabesque Z6730-2,9153-28,-,mazurka41-4/pid9153-28,16
68.1,C maj,Sofronitsky,1949,1:33,93,Vista Vera VVCD-00118-2,9114-35,-,mazurka68-1/pid9114-35,21
24.4,B min,Ferenczy,1958,5:04,304,Hungaroton HCD 32121,9097-18,-,mazurka24-4/pid9097-18,4
50.1,G maj,Rubinstein,1966,2:30,150,BMG 09026-63050-2,9059b-05,-,mazurka50-1/pid9059b-05,20
17.3,A maj,Ohlsson,1999,4:20,260,Arabesque Z6730-2,9153-12,-,mazurka17-3/pid9153-12,16
17.4,A min,Sztompka,1959,4:06,246,Muza PNOD 313 A/B,9170-13,-,mazurka17-4/pid9170-13,22
33.3,C maj,Rubinstein,1952,2:31,151,BMG 09026 63027-2,9075-24,-,mazurka33-3/pid9075-24,20
30.4,C# min,Luisada,1990,4:11,251,DG 463054-2,9055-21,-,mazurka30-4/pid9055-21,12
50.3,C# min,Cortot,1951,5:10,310,Concert Artist 9180/12 ,9066b-03,-,mazurka50-3/pid9066b-03,2
33.3,C maj,Kushner,1990,2:35,155,Connoisseur CD4181/2,9118-24,-,mazurka33-3/pid9118-24,11
33.3,C maj,Fiorentino,1963,1:23,83,Con. Artist 9200-2 ,9065-18,-,mazurka33-3/pid9065-18,5
41.2,E min,Ashkenazy,1981,2:20,140,Decca 448 086-2,9058-27,precor,mazurka41-2/pid9058-27,0
17.2,E min,Francois,1956,1:53,113,EMI CZS 7 67413 2,9070-19,-,mazurka17-2/pid9070-19,7
41.2,E min,Perlemuter,1992,2:41,161,Nimbus NI5393,9089-10,-,mazurka41-2/pid9089-10,17
56.3,C min,Rubinstein,1966,5:47,347,BMG 09026-63050-2,9059b-10,-,mazurka56-3/pid9059b-10,20
17.3,A maj,Sztompka,1959,4:17,257,Muza PNOD 313 A/B,9170-12,-,mazurka17-3/pid9170-12,22
68.2,A min,Malcuzynski,1961,2:55,175,EMI CZS 5 68226 2,918904-14,-,mazurka68-2/pid918904-14,14
30.4,C# min,Rubinstein,1952,3:40,220,BMG 09026 63027-2,9075-21,-,mazurka30-4/pid9075-21,20
50.2,A maj,Sztompka,1959,3:34,214,Muza PNOD 313 A/B,9170b-02,-,mazurka50-2/pid9170b-02,22
68.3,F maj,Rubinstein,1952,1:09,69,BMG 09026 63027-2,9075b-19,precor,mazurka68-3/pid9075b-19,20
7.3,F min,Hatto,2006,2:38,158,Con. Artist 9270/12,9073-09,-,mazurka07-3/pid9073-09,9
50.2,A maj,Fiorentino,1963,3:23,203,Con. Artist 9200-2 ,9065-20,-,mazurka50-2/pid9065-20,5
6.4,E min,Rubinstein,1966,0:40,40,BMG 09026-63050-2,9059-04,-,mazurka06-4/pid9059-04,20
24.2,C maj,Magaloff,1977,2:37,157,Phillips 426 817/29-2,9074f-15,precor,mazurka24-2/pid9074f-15,13
7.3,F min,Malcuzynski,1961,2:44,164,EMI CZS 5 68226 2,918904-02,-,mazurka07-3/pid918904-02,14
63.1,B maj,Ohlsson,1999,2:15,135,Arabesque Z6730-2,9153b-10,-,mazurka63-1/pid9153b-10,16
24.2,C maj,Perlemuter,1992,3:00,180,Nimbus NI5393,9089-08,precor,mazurka24-2/pid9089-08,17
67.2,G min,Rubinstein,1966,1:58,118,BMG 09026-63050-2,9059b-18,-,mazurka67-2/pid9059b-18,20
50.1,G maj,Bacha,2000,2:14,134,Forlane 126817,9166j-01,-,mazurka50-1/pid9166j-01,1
17.3,A maj,Poblocka,1999,4:06,246,BeArTon CDB012/13,9093-12,-,mazurka17-3/pid9093-12,18
24.3,A maj,Hatto,2006,1:43,103,Con. Artist 9270/12,9073-18,-,mazurka24-3/pid9073-18,9
24.4,B min,Poblocka,1999,4:48,288,BeArTon CDB012/13,9093-17,-,mazurka24-4/pid9093-17,18
33.2,D maj,Ohlsson,1999,2:15,135,Arabesque Z6730-2,9153-23,-,mazurka33-2/pid9153-23,16
30.2,B min,Bacha,1999,1:07,67,Forlane 126817,9166f-16,-,mazurka30-2/pid9166f-16,1
24.4,B min,Ohlsson,1999,4:18,258,Arabesque Z6730-2,9153-17,-,mazurka24-4/pid9153-17,16
7.5,C maj,Uninsky,1971,0:41,41,Philips 442 574-2,9061-09,-,mazurka07-5/pid9061-09,23
6.1,F# min,Uninsky,1959,1:47,107,Philips 442 574-2,9061-01,-,mazurka06-1/pid9061-01,23
6.2,C# min,Ashkenazy,1981,2:28,148,Decca 448 086-2,9058-02,-,mazurka06-2/pid9058-02,0
33.4,B min,Cortot,1951,5:09,309,Concert Artist 9180/12 ,9066-25,-,mazurka33-4/pid9066-25,2
41.3,B maj,Francois,1956,1:06,66,EMI CZS 7 67413 2,9070b-11,-,mazurka41-3/pid9070b-11,7
17.1,B maj,Ashkenazy,1981,1:57,117,Decca 448 086-2,9058-10,-,mazurka17-1/pid9058-10,0
33.1,G# min,Cortot,1951,1:39,99,Concert Artist 9180/12 ,9066-22,-,mazurka33-1/pid9066-22,2
56.2,C maj,Sztompka,1959,1:38,98,Muza PNOD 313 A/B,9170b-05,-,mazurka56-2/pid9170b-05,22
41.4,A maj,Cortot,1951,2:20,140,Concert Artist 9180/12 ,9066-29,-,mazurka41-4/pid9066-29,2
6.4,E min,Uninsky,1971,0:39,39,Philips 442 574-2,9061-04,-,mazurka06-4/pid9061-04,23
24.4,B min,Czerny-Stefanska,1989,4:22,262,Pony Canyon Classics PCCL-00460,9192-17,-,mazurka24-4/pid9192-17,3
56.3,C min,Perlemuter,1992,6:10,370,Nimbus NI5393,9089-13,-,mazurka56-3/pid9089-13,17
17.1,B maj,Rubinstein,1939,2:15,135,Naxos 8.110656-57,9049-10,-,mazurka17-1/pid9049-10,20
63.2,F min,Sofronitsky,1949,1:43,103,Vista Vera VVCD-00118-2,9114-33,-,mazurka63-2/pid9114-33,21
33.3,C maj,Sofronitsky,1949,1:35,95,Vista Vera VVCD-00118-2,9114b-03,-,mazurka33-3/pid9114b-03,21
59.2,A maj,Rubinstein,1939,2:26,146,Naxos 8.110656-57,9049b-08,-,mazurka59-2/pid9049b-08,20
41.1,C# min,Bacha,1999,3:19,199,Forlane 126817,9166h-06,-,mazurka41-1/pid9166h-06,1
63.2,F min,Fou,1978,1:48,108,Sony SB2K 53 246,9071b-21,-,mazurka63-2/pid9071b-21,6
68.1,C maj,Czerny-Stefanska,1990,1:48,108,Pony Canyon Classics PCCL-00460,9192b-19,-,mazurka68-1/pid9192b-19,3
33.3,C maj,Magaloff,1977,1:42,102,Phillips 426 817/29-2,9074f-24,-,mazurka33-3/pid9074f-24,13
7.5,C maj,Rubinstein,1966,0:35,35,BMG 09026-63050-2,9059-09,-,mazurka07-5/pid9059-09,20
33.2,D maj,Poblocka,1999,2:09,129,BeArTon CDB012/13,9093-24,-,mazurka33-2/pid9093-24,18
67.2,G min,Bacha,2000,1:52,112,Forlane 126817,9166l-16,-,mazurka67-2/pid9166l-16,1
63.3,C# min,Rubinstein,1952,1:57,117,BMG 09026 63027-2,9075b-12,precor,mazurka63-3/pid9075b-12,20
41.2,E min,Rubinstein,1952,2:08,128,BMG 09026 63027-2,9075-27,-,mazurka41-2/pid9075-27,20
24.1,G min,Hatto,2006,3:12,192,Con. Artist 9270/12,9073-16,-,mazurka24-1/pid9073-16,9
63.3,C# min,Rubinstein,1939,2:13,133,Naxos 8.110656-57,9049b-12,precor,mazurka63-3/pid9049b-12,20
30.2,B min,Kushner,1990,1:23,83,Connoisseur CD4181/2,9118-19,-,mazurka30-2/pid9118-19,11
67.1,G maj,Rosenthal,1931,1:19,79,Membran 222913-321,9057j-08,-,mazurka67-1/pid9057j-08,19
68.3,F maj,Rubinstein,1966,1:26,86,BMG 09026-63050-2,9059b-23,precor,mazurka68-3/pid9059b-23,20
63.2,F min,Ohlsson,1999,1:50,110,Arabesque Z6730-2,9153b-11,-,mazurka63-2/pid9153b-11,16
30.3,D maj,Fou,1978,3:06,186,Sony SB2K 53 246,9071-31,-,mazurka30-3/pid9071-31,6
56.3,C min,Rubinstein,1939,4:53,293,Naxos 8.110656-57,9049b-06,-,mazurka56-3/pid9049b-06,20
67.3,C maj,Friedman,1930,1:12,72,Philips 456 784-2 ,5667230-17,-,mazurka67-3/pid5667230-17,8
50.3,C# min,Rubinstein,1939,4:32,272,Naxos 8.110656-57,9049b-03,-,mazurka50-3/pid9049b-03,20
30.1,C min,Poblocka,1999,1:28,88,BeArTon CDB012/13,9093-18,-,mazurka30-1/pid9093-18,18
67.4,A min,Czerny-Stefanska,1990,2:39,159,Pony Canyon Classics PCCL-00460,9192b-18,-,mazurka67-4/pid9192b-18,3
68.3,F maj,Cortot,1951,2:46,166,Concert Artist 9180/12 ,9066b-19,precor,mazurka68-3/pid9066b-19,2
59.1,A min,Poblocka,1999,3:47,227,BeArTon CDB012/13,9093b-13,-,mazurka59-1/pid9093b-13,18
17.2,E min,Luisada,1990,1:48,108,DG 463054-2,9055-11,xprecor,mazurka17-2/pid9055-11,12
17.4,A min,Kushner,1990,4:33,273,Connoisseur CD4181/2,9118-13,precor,mazurka17-4/pid9118-13,11
30.1,C min,Fou,1978,1:21,81,Sony SB2K 53 246,9071-29,-,mazurka30-1/pid9071-29,6
67.2,G min,Fou,1978,1:51,111,Sony SB2K 53 246,9071b-24,-,mazurka67-2/pid9071b-24,6
63.2,F min,Rubinstein,1966,1:44,104,BMG 09026-63050-2,9059b-15,-,mazurka63-2/pid9059b-15,20
59.3,F# min,Fiorentino,1962,3:09,189,Con. Artist 9200-2 ,9065-25,-,mazurka59-3/pid9065-25,5
63.1,B maj,Poblocka,1999,2:07,127,BeArTon CDB012/13,9093b-16,-,mazurka63-1/pid9093b-16,18
68.3,F maj,Czerny-Stefanska,1990,1:30,90,Pony Canyon Classics PCCL-00460,9192b-21,-,mazurka68-3/pid9192b-21,3
30.2,B min,Ohlsson,1999,1:09,69,Arabesque Z6730-2,9153-19,-,mazurka30-2/pid9153-19,16
50.1,G maj,Rubinstein,1952,2:15,135,BMG 09026 63027-2,9075b-01,-,mazurka50-1/pid9075b-01,20
67.3,C maj,Francois,1956,1:30,90,EMI CZS 7 67413 2,9070b-27,-,mazurka67-3/pid9070b-27,7
7.2,A min,Czerny-Stefanska,1989,3:46,226,Pony Canyon Classics PCCL-00460,9192-06,-,mazurka07-2/pid9192-06,3
30.1,C min,Magaloff,1977,1:40,100,Phillips 426 817/29-2,9074f-18,-,mazurka30-1/pid9074f-18,13
24.2,C maj,Uninsky,1959,2:09,129,Philips 442 574-2,9061-15,precor,mazurka24-2/pid9061-15,23
63.2,F min,Poblocka,1999,1:52,112,BeArTon CDB012/13,9093b-17,-,mazurka63-2/pid9093b-17,18
33.3,C maj,Rubinstein,1939,1:34,94,Naxos 8.110656-57,9049-24,-,mazurka33-3/pid9049-24,20
68.3,F maj,Ferenczy,1958,2:12,132,Hungaroton HCD 32121,9097-15,-,mazurka68-3/pid9097-15,4
50.2,A maj,Friedman,1930,3:03,183,Philips 456 784-2 ,5667230-15,-,mazurka50-2/pid5667230-15,8
33.4,B min,Fiorentino,1963,4:46,286,Con. Artist 9200-2 ,9065-19,-,mazurka33-4/pid9065-19,5
17.2,E min,Rubinstein,1939,2:04,124,Naxos 8.110656-57,9049-11,xprecor,mazurka17-2/pid9049-11,20
33.4,B min,Friedman,1930,4:09,249,Philips 456 784-2 ,5667230-13,-,mazurka33-4/pid5667230-13,8
68.2,A min,Rubinstein,1966,2:46,166,BMG 09026-63050-2,9059b-22,-,mazurka68-2/pid9059b-22,20
7.1,B maj,Bacha,1997,2:10,130,Forlane 126817,9166c-08,-,mazurka07-1/pid9166c-08,1
6.3,E maj,Ashkenazy,1981,1:36,96,Decca 448 086-2,9058-03,-,mazurka06-3/pid9058-03,0
68.1,C maj,Cortot,1951,1:45,105,Concert Artist 9180/12 ,9066b-17,-,mazurka68-1/pid9066b-17,2
24.2,C maj,Fiorentino,1961,2:18,138,Con. Artist 9200-2 ,9065-10,precor,mazurka24-2/pid9065-10,5
41.1,C# min,Sztompka,1959,3:31,211,Muza PNOD 313 A/B,9170-29,-,mazurka41-1/pid9170-29,22
7.5,C maj,Luisada,1990,0:42,42,DG 463054-2,9055-09,-,mazurka07-5/pid9055-09,12
6.3,E maj,Rubinstein,1939,1:48,108,Naxos 8.110656-57,9049-03,-,mazurka06-3/pid9049-03,20
33.1,G# min,Magaloff,1977,1:50,110,Phillips 426 817/29-2,9074f-22,-,mazurka33-1/pid9074f-22,13
30.1,C min,Francois,1956,1:24,84,EMI CZS 7 67413 2,9070b-01,-,mazurka30-1/pid9070b-01,7
33.1,G# min,Sofronitsky,1949,1:30,90,Vista Vera VVCD-00118-2,9114-30,-,mazurka33-1/pid9114-30,21
56.1,B maj,Sztompka,1959,4:59,299,Muza PNOD 313 A/B,9170b-04,-,mazurka56-1/pid9170b-04,22
7.2,A min,Fou,1978,2:59,179,Sony SB2K 53 246,9071-11,-,mazurka07-2/pid9071-11,6
67.1,G maj,Rubinstein,1966,1:10,70,BMG 09026-63050-2,9059b-17,-,mazurka67-1/pid9059b-17,20
68.4,F min,Francois,1956,1:46,106,EMI CZS 7 67413 2,9070b-32,-,mazurka68-4/pid9070b-32,7
30.2,B min,Poblocka,1999,1:23,83,BeArTon CDB012/13,9093-19,precor,mazurka30-2/pid9093-19,18
41.4,A maj,Ashkenazy,1981,1:58,118,Decca 448 086-2,9058-29,-,mazurka41-4/pid9058-29,0
33.4,B min,Michelangeli,1971,6:16,376,Philips 456 904-2,5667269b-39,-,mazurka33-4/pid5667269b-39,15
30.3,D maj,Horowitz,1949,3:00,180,Philips 456 842-2 ,5667249-17,-,mazurka30-3/pid5667249-17,10
63.1,B maj,Rubinstein,1939,2:04,124,Naxos 8.110656-57,9049b-10,-,mazurka63-1/pid9049b-10,20
6.4,E min,Poblocka,1999,0:42,42,BeArTon CDB012/13,9093-04,-,mazurka06-4/pid9093-04,18
41.2,E min,Bacha,1999,2:06,126,Forlane 126817,9166h-03,-,mazurka41-2/pid9166h-03,1
41.3,B maj,Rubinstein,1966,1:10,70,BMG 09026-63050-2,9059b-03,-,mazurka41-3/pid9059b-03,20
59.3,F# min,Czerny-Stefanska,1990,3:42,222,Pony Canyon Classics PCCL-00460,9192b-09,-,mazurka59-3/pid9192b-09,3
67.1,G maj,Rosenthal,1931,1:22,82,Selene CD-s 9906.51,9141-10,-,mazurka67-1/pid9141-10,19
6.4,E min,Ashkenazy,1981,0:58,58,Decca 448 086-2,9058-04,precor,mazurka06-4/pid9058-04,0
33.1,G# min,Ashkenazy,1982,1:25,85,London 410 122-2,50848-09,-,mazurka33-1/pid50848-09,0
50.1,G maj,Ashkenazy,1981,1:49,109,Decca 448 086-2,9058b-01,-,mazurka50-1/pid9058b-01,0
41.1,C# min,Rubinstein,1952,3:10,190,BMG 09026 63027-2,9075-26,-,mazurka41-1/pid9075-26,20
63.2,F min,Rubinstein,1939,1:48,108,Naxos 8.110656-57,9049b-11,-,mazurka63-2/pid9049b-11,20
50.2,A maj,Hatto,2006,3:05,185,Con. Artist 9270/12,9073b-06,-,mazurka50-2/pid9073b-06,9
68.1,C maj,Rubinstein,1939,1:35,95,Naxos 8.110656-57,9049b-17,-,mazurka68-1/pid9049b-17,20
30.3,D maj,Czerny-Stefanska,1989,2:48,168,Pony Canyon Classics PCCL-00460,9192-20,-,mazurka30-3/pid9192-20,3
30.3,D maj,Sztompka,1959,2:56,176,Muza PNOD 313 A/B,9170-20,-,mazurka30-3/pid9170-20,22
41.1,C# min,Sofronitsky,1949,2:49,169,Vista Vera VVCD-00118-2,9114b-10,-,mazurka41-1/pid9114b-10,21
7.1,B maj,Ohlsson,1999,2:17,137,Arabesque Z6730-2,9153-05,-,mazurka07-1/pid9153-05,16
33.4,B min,Malcuzynski,1961,4:48,288,EMI CZS 5 68226 2,918904-09,-,mazurka33-4/pid918904-09,14
41.1,C# min,Cortot,1951,3:21,201,Concert Artist 9180/12 ,9066-26,-,mazurka41-1/pid9066-26,2
33.2,D maj,Cortot,1951,2:31,151,Concert Artist 9180/12 ,9066-23,-,mazurka33-2/pid9066-23,2
33.4,B min,Rubinstein,1952,4:32,272,BMG 09026 63027-2,9075-25,-,mazurka33-4/pid9075-25,20
17.1,B maj,Czerny-Stefanska,1989,2:43,163,Pony Canyon Classics PCCL-00460,9192-10,-,mazurka17-1/pid9192-10,3
59.1,A min,Uninsky,1971,3:55,235,Philips 442 574-2,9061b-04,-,mazurka59-1/pid9061b-04,23
7.4,A maj,Fou,1978,1:10,70,Sony SB2K 53 246,9071-13,-,mazurka07-4/pid9071-13,6
68.1,C maj,Francois,1956,1:12,72,EMI CZS 7 67413 2,9070b-29,-,mazurka68-1/pid9070b-29,7
33.1,G# min,Fou,1978,1:39,99,Sony SB2K 53 246,9071b-01,-,mazurka33-1/pid9071b-01,6
30.2,B min,Fiorentino,1961,1:11,71,Con. Artist 9200-2 ,9065-14,precor,mazurka30-2/pid9065-14,5
63.3,C# min,Horowitz,1949,2:02,122,Philips 456 842-2 ,5667249-22,precor,mazurka63-3/pid5667249-22,10
7.1,B maj,Francois,1956,1:10,70,EMI CZS 7 67413 2,9070-13,-,mazurka07-1/pid9070-13,7
7.1,B maj,Fou,1978,2:15,135,Sony SB2K 53 246,9071-10,-,mazurka07-1/pid9071-10,6
7.4,A maj,Uninsky,1971,1:09,69,Philips 442 574-2,9061-08,-,mazurka07-4/pid9061-08,23
33.1,G# min,Ashkenazy,1981,1:25,85,Decca 448 086-2,9058-22,-,mazurka33-1/pid9058-22,0
24.1,G min,Ashkenazy,1981,2:48,168,Decca 448 086-2,9058-14,-,mazurka24-1/pid9058-14,0
68.3,F maj,Uninsky,1971,1:45,105,Philips 442 574-2,9061b-16,precor,mazurka68-3/pid9061b-16,23
7.5,C maj,Cortot,1951,0:38,38,Concert Artist 9180/12 ,9066-09,-,mazurka07-5/pid9066-09,2
30.4,C# min,Horowitz,1949,3:48,228,Philips 456 842-2 ,5667249-16,-,mazurka30-4/pid5667249-16,10
50.3,C# min,Fou,2005,5:33,333,NIFC CD001,9092-01,-,mazurka50-3/pid9092-01,6
59.1,A min,Fou,2005,3:59,239,NIFC CD001,9092-16,-,mazurka59-1/pid9092-16,6
63.2,F min,Czerny-Stefanska,1990,1:40,100,Pony Canyon Classics PCCL-00460,9192b-11,-,mazurka63-2/pid9192b-11,3
17.2,E min,Poblocka,1999,1:44,104,BeArTon CDB012/13,9093-11,-,mazurka17-2/pid9093-11,18
50.3,C# min,Bacha,2000,4:59,299,Forlane 126817,9166j-03,-,mazurka50-3/pid9166j-03,1
41.1,C# min,Ohlsson,1999,3:11,191,Arabesque Z6730-2,9153-29,-,mazurka41-1/pid9153-29,16
7.3,F min,Czerny-Stefanska,1989,2:42,162,Pony Canyon Classics PCCL-00460,9192-07,-,mazurka07-3/pid9192-07,3
30.4,C# min,Sofronitsky,1961,3:49,229,Classound 001-026 ,9113-17,-,mazurka30-4/pid9113-17,21
17.4,A min,Cortot,1951,5:01,301,Concert Artist 9180/12 ,9066-13,precor,mazurka17-4/pid9066-13,2
24.3,A maj,Francois,1956,1:03,63,EMI CZS 7 67413 2,9070-24,-,mazurka24-3/pid9070-24,7
41.2,E min,Horowitz,1933,1:54,114,Membran 222913-321,9057f-12,-,mazurka41-2/pid9057f-12,10
56.3,C min,Uninsky,1959,5:52,352,Philips 442 574-2,9061b-03,-,mazurka56-3/pid9061b-03,23
41.1,C# min,Hatto,2006,3:34,214,Con. Artist 9270/12,9073b-01,-,mazurka41-1/pid9073b-01,9
17.4,A min,Magaloff,1977,4:48,288,Phillips 426 817/29-2,9074f-13,precor,mazurka17-4/pid9074f-13,13
6.1,F# min,Bacha,1997,2:46,166,Forlane 126817,9166c-03,-,mazurka06-1/pid9166c-03,1
24.4,B min,Fou,1978,4:33,273,Sony SB2K 53 246,9071-28,-,mazurka24-4/pid9071-28,6
6.4,E min,Luisada,1990,0:57,57,DG 463054-2,9055-04,-,mazurka06-4/pid9055-04,12
41.3,B maj,Poblocka,1999,1:06,66,BeArTon CDB012/13,9093b-02,-,mazurka41-3/pid9093b-02,18
41.4,A maj,Fou,1978,1:58,118,Sony SB2K 53 246,9071b-07,-,mazurka41-4/pid9071b-07,6
56.1,B maj,Rubinstein,1966,4:20,260,BMG 09026-63050-2,9059b-08,-,mazurka56-1/pid9059b-08,20
50.1,G maj,Francois,1956,1:55,115,EMI CZS 7 67413 2,9070b-13,-,mazurka50-1/pid9070b-13,7
41.4,A maj,Sztompka,1959,2:19,139,Muza PNOD 313 A/B,9170-28,-,mazurka41-4/pid9170-28,22
7.5,C maj,Ashkenazy,1981,0:45,45,Decca 448 086-2,9058-09,-,mazurka07-5/pid9058-09,0
41.1,C# min,Rubinstein,1939,3:11,191,Naxos 8.110656-57,9049-26,-,mazurka41-1/pid9049-26,20
56.1,B maj,Cortot,1951,5:16,316,Concert Artist 9180/12 ,9066b-04,-,mazurka56-1/pid9066b-04,2
56.3,C min,Fiorentino,1963,6:02,362,Con. Artist 9200-2 ,9065-22,-,mazurka56-3/pid9065-22,5
67.2,G min,Rubinstein,1939,1:28,88,Naxos 8.110656-57,9049b-14,-,mazurka67-2/pid9049b-14,20
59.3,F# min,Fou,1978,3:30,210,Sony SB2K 53 246,9071b-19,-,mazurka59-3/pid9071b-19,6
30.4,C# min,Uninsky,1959,3:38,218,Philips 442 574-2,9061-21,-,mazurka30-4/pid9061-21,23
33.3,C maj,Luisada,1990,1:40,100,DG 463054-2,9055-24,-,mazurka33-3/pid9055-24,12
24.3,A maj,Fiorentino,1961,2:35,155,Con. Artist 9200-2 ,9065-11,-,mazurka24-3/pid9065-11,5
33.4,B min,Friedman,1926,3:17,197,Naxos 8.110684 ,9108-19,-,mazurka33-4/pid9108-19,8
6.1,F# min,Kushner,1990,2:34,154,Connoisseur CD4181/2,9118-01,-,mazurka06-1/pid9118-01,11
68.4,F min,Ashkenazy,1981,2:17,137,Decca 448 086-2,9058b-20,-,mazurka68-4/pid9058b-20,0
67.2,G min,Cortot,1951,2:05,125,Concert Artist 9180/12 ,9066b-14,-,mazurka67-2/pid9066b-14,2
24.4,B min,Fiorentino,1990,5:06,306,Con. Artist 9200-2 ,9065-12,-,mazurka24-4/pid9065-12,5
17.1,B maj,Poblocka,1999,1:41,101,BeArTon CDB012/13,9093-10,-,mazurka17-1/pid9093-10,18
59.2,A maj,Ashkenazy,1981,2:30,150,Decca 448 086-2,9058b-08,-,mazurka59-2/pid9058b-08,0
6.3,E maj,Luisada,1990,2:20,140,DG 463054-2,9055-03,-,mazurka06-3/pid9055-03,12
7.3,F min,Kushner,1990,2:29,149,Connoisseur CD4181/2,9118-07,-,mazurka07-3/pid9118-07,11
6.2,C# min,Cortot,1951,2:40,160,Concert Artist 9180/12 ,9066-02,-,mazurka06-2/pid9066-02,2
41.1,C# min,Czerny-Stefanska,1989,3:27,207,Pony Canyon Classics PCCL-00460,9192-26,-,mazurka41-1/pid9192-26,3
7.2,A min,Cortot,1951,3:58,238,Concert Artist 9180/12 ,9066-06,-,mazurka07-2/pid9066-06,2
33.4,B min,Czerny-Stefanska,1989,5:35,335,Pony Canyon Classics PCCL-00460,9192-25,-,mazurka33-4/pid9192-25,3
63.3,C# min,Rosenthal,1931,1:56,116,Biddulph LHW 040,9183-12,-,mazurka63-3/pid9183-12,19
41.1,C# min,Francois,1956,3:16,196,EMI CZS 7 67413 2,9070b-09,-,mazurka41-1/pid9070b-09,7
59.3,F# min,Hatto,2006,3:35,215,Con. Artist 9270/12,9073b-13,-,mazurka59-3/pid9073b-13,9
24.4,B min,Ashkenazy,1981,4:31,271,Decca 448 086-2,9058-17,-,mazurka24-4/pid9058-17,0
67.2,G min,Ohlsson,1999,2:00,120,Arabesque Z6730-2,9153b-16,-,mazurka67-2/pid9153b-16,16
17.1,B maj,Magaloff,1977,2:02,122,Phillips 426 817/29-2,9074f-10,-,mazurka17-1/pid9074f-10,13
68.2,A min,Friedman,1930,2:31,151,Philips 456 784-2 ,5667230-19,tap05,mazurka68-2/pid5667230-19,8
24.1,G min,Uninsky,1959,1:50,110,Philips 442 574-2,9061-14,-,mazurka24-1/pid9061-14,23
30.1,C min,Luisada,1990,1:37,97,DG 463054-2,9055-18,-,mazurka30-1/pid9055-18,12
67.1,G maj,Rosenthal,1931,1:19,79,Biddulph LHW 040,9183-09,-,mazurka67-1/pid9183-09,19
24.1,G min,Rubinstein,1966,2:48,168,BMG 09026-63050-2,9059-14,-,mazurka24-1/pid9059-14,20
33.4,B min,Rubinstein,1966,5:35,335,BMG 09026-63050-2,9059-25,-,mazurka33-4/pid9059-25,20
7.4,A maj,Rubinstein,1966,1:05,65,BMG 09026-63050-2,9059-08,-,mazurka07-4/pid9059-08,20
7.1,B maj,Malcuzynski,1961,2:32,152,EMI CZS 5 68226 2,918904-01,-,mazurka07-1/pid918904-01,14
24.1,G min,Luisada,1990,2:52,172,DG 463054-2,9055-14,-,mazurka24-1/pid9055-14,12
50.2,A maj,Ohlsson,1999,3:21,201,Arabesque Z6730-2,9153b-02,-,mazurka50-2/pid9153b-02,16
17.4,A min,Rubinstein,1966,4:31,271,BMG 09026-63050-2,9059-13,precor,mazurka17-4/pid9059-13,20
63.3,C# min,Cortot,1951,2:23,143,Concert Artist 9180/12 ,9066b-12,precor,mazurka63-3/pid9066b-12,2
56.2,C maj,Francois,1956,1:27,87,EMI CZS 7 67413 2,9070b-17,-,mazurka56-2/pid9070b-17,7
67.3,C maj,Rubinstein,1966,1:37,97,BMG 09026-63050-2,9059b-19,-,mazurka67-3/pid9059b-19,20
41.2,E min,Cortot,1951,2:28,148,Concert Artist 9180/12 ,9066-27,-,mazurka41-2/pid9066-27,2
24.1,G min,Cortot,1951,2:50,170,Concert Artist 9180/12 ,9066-14,-,mazurka24-1/pid9066-14,2
56.2,C maj,Rubinstein,1952,1:25,85,BMG 09026 63027-2,9075b-05,-,mazurka56-2/pid9075b-05,20
24.1,G min,Rubinstein,1952,3:32,212,BMG 09026 63027-2,9075-14,-,mazurka24-1/pid9075-14,20
6.3,E maj,Poblocka,1999,1:47,107,BeArTon CDB012/13,9093-03,-,mazurka06-3/pid9093-03,18
68.4,F min,Sofronitsky,1961,1:44,104,Classound 001-026 ,9113-14,-,mazurka68-4/pid9113-14,21
7.1,B maj,Rubinstein,1966,2:35,155,BMG 09026-63050-2,9059-05,-,mazurka07-1/pid9059-05,20
56.3,C min,Fou,1978,5:54,354,Sony SB2K 53 246,9071b-16,-,mazurka56-3/pid9071b-16,6
56.3,C min,Bacha,2000,5:27,327,Forlane 126817,9166k-07,-,mazurka56-3/pid9166k-07,1
7.2,A min,Hatto,2006,2:54,174,Con. Artist 9270/12,9073-08,-,mazurka07-2/pid9073-08,9
17.1,B maj,Uninsky,1959,2:10,130,Philips 442 574-2,9061-10,-,mazurka17-1/pid9061-10,23
63.3,C# min,Rubinstein,1966,2:18,138,BMG 09026-63050-2,9059b-16,precor,mazurka63-3/pid9059b-16,20
17.4,A min,Ashkenazy,1981,4:13,253,Decca 448 086-2,9058-13,precor,mazurka17-4/pid9058-13,0
41.2,E min,Sofronitsky,1949,2:03,123,Vista Vera VVCD-00118-2,9114-28,-,mazurka41-2/pid9114-28,21
6.2,C# min,Uninsky,1971,2:04,124,Philips 442 574-2,9061-02,-,mazurka06-2/pid9061-02,23
17.3,A maj,Ferenczy,1958,4:30,270,Hungaroton HCD 32121,9097-14,-,mazurka17-3/pid9097-14,4
33.4,B min,Rosenthal,1935,4:30,270,Appian CDAPR 7002,9184-15,-,mazurka33-4/pid9184-15,19
67.3,C maj,Uninsky,1971,1:33,93,Philips 442 574-2,9061b-12,-,mazurka67-3/pid9061b-12,23
59.2,A maj,Cortot,1951,2:43,163,Concert Artist 9180/12 ,9066b-08,-,mazurka59-2/pid9066b-08,2
7.1,B maj,Kushner,1990,2:12,132,Connoisseur CD4181/2,9118-05,-,mazurka07-1/pid9118-05,11
41.4,A maj,Czerny-Stefanska,1989,2:01,121,Pony Canyon Classics PCCL-00460,9192-29,-,mazurka41-4/pid9192-29,3
33.1,G# min,Michelangeli,1971,2:01,121,Philips 456 904-2,5667269b-36,-,mazurka33-1/pid5667269b-36,15
7.3,F min,Bacha,1997,2:29,149,Forlane 126817,9166c-10,-,mazurka07-3/pid9166c-10,1
63.2,F min,Francois,1956,1:30,90,EMI CZS 7 67413 2,9070b-23,-,mazurka63-2/pid9070b-23,7
24.1,G min,Fou,1978,3:04,184,Sony SB2K 53 246,9071-25,-,mazurka24-1/pid9071-25,6
67.1,G maj,Cortot,1951,1:04,64,Concert Artist 9180/12 ,9066b-13,-,mazurka67-1/pid9066b-13,2
24.1,G min,Sztompka,1959,2:55,175,Muza PNOD 313 A/B,9170-14,-,mazurka24-1/pid9170-14,22
68.4,F min,Ohlsson,1999,2:02,122,Arabesque Z6730-2,9153b-22,-,mazurka68-4/pid9153b-22,16
7.5,C maj,Sztompka,1959,0:38,38,Muza PNOD 313 A/B,9170-05,-,mazurka07-5/pid9170-05,22
33.1,G# min,Ferenczy,1956,1:17,77,Hungaroton HCD 32121,9097-05,-,mazurka33-1/pid9097-05,4
41.1,C# min,Rubinstein,1966,3:29,209,BMG 09026-63050-2,9059b-01,-,mazurka41-1/pid9059b-01,20
30.1,C min,Ashkenazy,1981,1:29,89,Decca 448 086-2,9058-18,-,mazurka30-1/pid9058-18,0
68.2,A min,Ashkenazy,1981,3:09,189,Decca 448 086-2,9058b-18,-,mazurka68-2/pid9058b-18,0
17.2,E min,Magaloff,1977,2:08,128,Phillips 426 817/29-2,9074f-11,-,mazurka17-2/pid9074f-11,13
67.1,G maj,Czerny-Stefanska,1990,1:16,76,Pony Canyon Classics PCCL-00460,9192b-15,-,mazurka67-1/pid9192b-15,3
6.2,C# min,Francois,1956,1:36,96,EMI CZS 7 67413 2,9070-10,-,mazurka06-2/pid9070-10,7
56.1,B maj,Ohlsson,1999,4:17,257,Arabesque Z6730-2,9153b-04,-,mazurka56-1/pid9153b-04,16
6.2,C# min,Magaloff,1977,2:46,166,Phillips 426 817/29-2,9074f-02,-,mazurka06-2/pid9074f-02,13
67.4,A min,Friedman,1930,2:02,122,Philips 456 784-2 ,5667230-18,tap05,mazurka67-4/pid5667230-18,8
6.1,F# min,Rubinstein,1952,2:49,169,BMG 09026 63027-2,9075-01,-,mazurka06-1/pid9075-01,20
56.1,B maj,Ashkenazy,1981,3:53,233,Decca 448 086-2,9058b-04,-,mazurka56-1/pid9058b-04,0
59.3,F# min,Uninsky,1959,3:47,227,Philips 442 574-2,9061b-06,-,mazurka59-3/pid9061b-06,23
24.2,C maj,Sztompka,1959,2:18,138,Muza PNOD 313 A/B,9170-15,-,mazurka24-2/pid9170-15,22
30.2,B min,Fou,2005,1:32,92,NIFC CD001,9092-13,precor,mazurka30-2/pid9092-13,6
17.1,B maj,Rubinstein,1966,2:28,148,BMG 09026-63050-2,9059-10,-,mazurka17-1/pid9059-10,20
68.4,F min,Hatto,2006,2:06,126,Con. Artist 9270/12,9073b-26,-,mazurka68-4/pid9073b-26,9
59.3,F# min,Horowitz,1973,3:30,210,S3K 93039 Legacy ,59340-11,-,mazurka59-3/pid59340-11,10
67.1,G maj,Rosenthal,1930,1:25,85,Muza PNCD 300,9091-12,-,mazurka67-1/pid9091-12,19
24.1,G min,Ohlsson,1999,2:50,170,Arabesque Z6730-2,9153-14,-,mazurka24-1/pid9153-14,16
6.4,E min,Hatto,2006,0:43,43,Con. Artist 9270/12,9073-06,-,mazurka06-4/pid9073-06,9
17.3,A maj,Czerny-Stefanska,1989,5:08,308,Pony Canyon Classics PCCL-00460,9192-12,-,mazurka17-3/pid9192-12,3
30.2,B min,Horowitz,1945,1:48,108,Philips 456 842-2 ,5667249-15,-,mazurka30-2/pid5667249-15,10
6.4,E min,Cortot,1951,1:01,61,Concert Artist 9180/12 ,9066-04,-,mazurka06-4/pid9066-04,2
59.1,A min,Bacha,2000,3:28,208,Forlane 126817,9166l-01,-,mazurka59-1/pid9166l-01,1
7.4,A maj,Ohlsson,1999,1:07,67,Arabesque Z6730-2,9153-08,-,mazurka07-4/pid9153-08,16
41.3,B maj,Czerny-Stefanska,1989,1:24,84,Pony Canyon Classics PCCL-00460,9192-28,-,mazurka41-3/pid9192-28,3
30.4,C# min,Bacha,1999,3:35,215,Forlane 126817,9166f-18,-,mazurka30-4/pid9166f-18,1
67.2,G min,Francois,1956,1:05,65,EMI CZS 7 67413 2,9070b-26,-,mazurka67-2/pid9070b-26,7
41.4,A maj,Ferenczy,1958,1:37,97,Hungaroton HCD 32121,9097-19,-,mazurka41-4/pid9097-19,4
59.1,A min,Czerny-Stefanska,1990,3:52,232,Pony Canyon Classics PCCL-00460,9192b-07,-,mazurka59-1/pid9192b-07,3
7.5,C maj,Ohlsson,1999,0:34,34,Arabesque Z6730-2,9153-09,-,mazurka07-5/pid9153-09,16
7.2,A min,Ferenczy,1958,3:30,210,Hungaroton HCD 32121,9097-12,-,mazurka07-2/pid9097-12,4
30.2,B min,Ashkenazy,1981,1:06,66,Decca 448 086-2,9058-19,precor,mazurka30-2/pid9058-19,0
30.2,B min,Rubinstein,1952,1:25,85,BMG 09026 63027-2,9075-19,precor,mazurka30-2/pid9075-19,20
41.2,E min,Rubinstein,1966,2:11,131,BMG 09026-63050-2,9059b-02,-,mazurka41-2/pid9059b-02,20
24.3,A maj,Poblocka,1999,1:51,111,BeArTon CDB012/13,9093-16,-,mazurka24-3/pid9093-16,18
17.4,A min,Hatto,2006,4:47,287,Con. Artist 9270/12,9073-15,precor,mazurka17-4/pid9073-15,9
30.4,C# min,Magaloff,1977,4:21,261,Phillips 426 817/29-2,9074f-21,-,mazurka30-4/pid9074f-21,13
67.4,A min,Ohlsson,1999,2:30,150,Arabesque Z6730-2,9153b-18,-,mazurka67-4/pid9153b-18,16
67.4,A min,Sofronitsky,1949,2:45,165,Vista Vera VVCD-00118-2,9114-26,-,mazurka67-4/pid9114-26,21
33.2,D maj,Kushner,1990,2:30,150,Connoisseur CD4181/2,9118-23,-,mazurka33-2/pid9118-23,11
50.2,A maj,Uninsky,1959,2:45,165,Philips 442 574-2,9061-31,-,mazurka50-2/pid9061-31,23
6.2,C# min,Poblocka,1999,2:25,145,BeArTon CDB012/13,9093-02,-,mazurka06-2/pid9093-02,18
33.4,B min,Fou,1978,5:30,330,Sony SB2K 53 246,9071b-04,-,mazurka33-4/pid9071b-04,6
7.5,C maj,Rubinstein,1952,0:31,31,BMG 09026 63027-2,9075-09,-,mazurka07-5/pid9075-09,20
41.3,B maj,Cortot,1951,1:25,85,Concert Artist 9180/12 ,9066-28,-,mazurka41-3/pid9066-28,2
33.4,B min,Friedman,1926,3:19,199,Selene CD-s 9908.53,9148-14,-,mazurka33-4/pid9148-14,8
7.3,F min,Magaloff,1977,2:31,151,Phillips 426 817/29-2,9074f-07,-,mazurka07-3/pid9074f-07,13
17.2,E min,Fiorentino,1961,2:25,145,Con. Artist 9200-2 ,9065-07,-,mazurka17-2/pid9065-07,5
30.4,C# min,Sofronitsky,1949,3:20,200,Vista Vera VVCD-00118-2,9114b-11,-,mazurka30-4/pid9114b-11,21
7.2,A min,Friedman,1930,2:31,151,Philips 456 784-2 ,5667230-09,tap20,mazurka07-2/pid5667230-09,8
41.2,E min,Magaloff,1977,2:35,155,Phillips 426 817/29-2,9074f-27,-,mazurka41-2/pid9074f-27,13
56.3,C min,Horowitz,1989,5:12,312,Sony 45818,53576-04,-,mazurka56-3/pid53576-04,10
63.3,C# min,Rosenthal,1931,1:55,115,Biddulph LHW 040,9183-11,-,mazurka63-3/pid9183-11,19
7.3,F min,Sztompka,1959,2:38,158,Muza PNOD 313 A/B,9170-08,-,mazurka07-3/pid9170-08,22
6.3,E maj,Ferenczy,1956,1:43,103,Hungaroton HCD 32121,9097-06,-,mazurka06-3/pid9097-06,4
17.2,E min,Sztompka,1959,1:52,112,Muza PNOD 313 A/B,9170-11,-,mazurka17-2/pid9170-11,22
56.1,B maj,Rubinstein,1952,4:01,241,BMG 09026 63027-2,9075b-04,-,mazurka56-1/pid9075b-04,20
7.2,A min,Luisada,1990,3:30,210,DG 463054-2,9055-06,tap20,mazurka07-2/pid9055-06,12
7.3,F min,Luisada,1990,2:28,148,DG 463054-2,9055-07,-,mazurka07-3/pid9055-07,12
67.4,A min,Francois,1956,1:34,94,EMI CZS 7 67413 2,9070b-28,-,mazurka67-4/pid9070b-28,7
24.4,B min,Rubinstein,1939,4:03,243,Naxos 8.110656-57,9049-17,-,mazurka24-4/pid9049-17,20
68.4,F min,Michelangeli,1971,3:39,219,Philips 456 904-2,5667269b-40,-,mazurka68-4/pid5667269b-40,15
56.2,C maj,Ashkenazy,1981,1:32,92,Decca 448 086-2,9058b-05,-,mazurka56-2/pid9058b-05,0
6.3,E maj,Bacha,1997,1:35,95,Forlane 126817,9166c-05,-,mazurka06-3/pid9166c-05,1
7.5,C maj,Kushner,1990,0:46,46,Connoisseur CD4181/2,9118-09,-,mazurka07-5/pid9118-09,11
59.1,A min,Rubinstein,1952,3:25,205,BMG 09026 63027-2,9075b-07,-,mazurka59-1/pid9075b-07,20
59.3,F# min,Cortot,1951,4:31,271,Concert Artist 9180/12 ,9066b-09,-,mazurka59-3/pid9066b-09,2
67.3,C maj,Czerny-Stefanska,1990,1:29,89,Pony Canyon Classics PCCL-00460,9192b-17,-,mazurka67-3/pid9192b-17,3
7.1,B maj,Czerny-Stefanska,1989,2:14,134,Pony Canyon Classics PCCL-00460,9192-05,-,mazurka07-1/pid9192-05,3
41.4,A maj,Rubinstein,1952,1:48,108,BMG 09026 63027-2,9075-29,-,mazurka41-4/pid9075-29,20
67.1,G maj,Hatto,2006,1:12,72,Con. Artist 9270/12,9073b-19,precor,mazurka67-1/pid9073b-19,9
30.2,B min,Michelangeli,1971,1:35,95,Philips 456 904-2,5667269b-38,precor,mazurka30-2/pid5667269b-38,15
56.1,B maj,Fou,1978,4:23,263,Sony SB2K 53 246,9071b-14,-,mazurka56-1/pid9071b-14,6
50.2,A maj,Czerny-Stefanska,1990,3:15,195,Pony Canyon Classics PCCL-00460,9192b-02,-,mazurka50-2/pid9192b-02,3
50.2,A maj,Fou,1978,2:39,159,Sony SB2K 53 246,9071b-12,-,mazurka50-2/pid9071b-12,6
33.2,D maj,Luisada,1990,2:14,134,DG 463054-2,9055-23,-,mazurka33-2/pid9055-23,12
50.3,C# min,Horowitz,1935,4:11,251,Membran 222913-321,9057f-13,-,mazurka50-3/pid9057f-13,10
30.3,D maj,Francois,1956,2:12,132,EMI CZS 7 67413 2,9070b-03,-,mazurka30-3/pid9070b-03,7
41.3,B maj,Hatto,2006,1:17,77,Con. Artist 9270/12,9073b-03,-,mazurka41-3/pid9073b-03,9
30.4,C# min,Rubinstein,1966,3:42,222,BMG 09026-63050-2,9059-21,-,mazurka30-4/pid9059-21,20
30.1,C min,Czerny-Stefanska,1989,1:41,101,Pony Canyon Classics PCCL-00460,9192-18,-,mazurka30-1/pid9192-18,3
7.2,A min,Rubinstein,1952,3:48,228,BMG 09026 63027-2,9075-06,-,mazurka07-2/pid9075-06,20
30.3,D maj,Rubinstein,1939,2:35,155,Naxos 8.110656-57,9049-20,-,mazurka30-3/pid9049-20,20
33.3,C maj,Ashkenazy,1982,1:27,87,London 410 122-2,50848-11,-,mazurka33-3/pid50848-11,0
33.3,C maj,Bacha,1999,1:58,118,Forlane 126817,9166g-03,-,mazurka33-3/pid9166g-03,1
24.2,C maj,Francois,1956,1:49,109,EMI CZS 7 67413 2,9070-23,precor,mazurka24-2/pid9070-23,7
7.2,A min,Francois,1956,1:22,82,EMI CZS 7 67413 2,9070-14,-,mazurka07-2/pid9070-14,7
67.4,A min,Rubinstein,1952,2:34,154,BMG 09026 63027-2,9075b-16,-,mazurka67-4/pid9075b-16,20
50.3,C# min,Sofronitsky,1961,5:07,307,Classound 001-026 ,9113-18,-,mazurka50-3/pid9113-18,21
7.5,C maj,Rubinstein,1939,0:37,37,Naxos 8.110656-57,9049-09,-,mazurka07-5/pid9049-09,20
56.1,B maj,Czerny-Stefanska,1990,4:45,285,Pony Canyon Classics PCCL-00460,9192b-04,-,mazurka56-1/pid9192b-04,3
30.2,B min,Hatto,2006,1:32,92,Con. Artist 9270/12,9073-21,precor,mazurka30-2/pid9073-21,9
67.1,G maj,Ashkenazy,1981,1:02,62,Decca 448 086-2,9058b-13,precor,mazurka67-1/pid9058b-13,0
7.4,A maj,Rubinstein,1939,1:01,61,Naxos 8.110656-57,9049-08,-,mazurka07-4/pid9049-08,20
67.4,A min,Sztompka,1959,2:39,159,Muza PNOD 313 A/B,9170b-18,-,mazurka67-4/pid9170b-18,22
33.1,G# min,Rubinstein,1939,1:25,85,Naxos 8.110656-57,9049-22,-,mazurka33-1/pid9049-22,20
33.1,G# min,Rubinstein,1952,1:28,88,BMG 09026 63027-2,9075-22,-,mazurka33-1/pid9075-22,20
17.3,A maj,Fou,1978,4:08,248,Sony SB2K 53 246,9071-19,-,mazurka17-3/pid9071-19,6
67.1,G maj,Fou,1978,1:16,76,Sony SB2K 53 246,9071-23,-,mazurka67-1/pid9071-23,6
68.2,A min,Czerny-Stefanska,1990,2:49,169,Pony Canyon Classics PCCL-00460,9192b-20,-,mazurka68-2/pid9192b-20,3
24.3,A maj,Sztompka,1959,2:17,137,Muza PNOD 313 A/B,9170-16,-,mazurka24-3/pid9170-16,22
17.3,A maj,Rubinstein,1966,4:20,260,BMG 09026-63050-2,9059-12,-,mazurka17-3/pid9059-12,20
63.3,C# min,Perlemuter,1992,2:03,123,Nimbus NI5393,9089-07,precor,mazurka63-3/pid9089-07,17
33.1,G# min,Poblocka,1999,1:32,92,BeArTon CDB012/13,9093-22,-,mazurka33-1/pid9093-22,18
56.1,B maj,Rubinstein,1939,3:43,223,Naxos 8.110656-57,9049b-04,-,mazurka56-1/pid9049b-04,20
17.4,A min,Fiorentino,1990,4:27,267,Con. Artist 9200-2 ,9065-08,precor,mazurka17-4/pid9065-08,5
24.1,G min,Fou,2005,2:59,179,NIFC CD001,9092-10,-,mazurka24-1/pid9092-10,6
68.4,F min,Rubinstein,1952,1:40,100,BMG 09026 63027-2,9075b-20,-,mazurka68-4/pid9075b-20,20
17.4,A min,Luisada,1990,4:00,240,DG 463054-2,9055-13,precor,mazurka17-4/pid9055-13,12
24.2,C maj,Cortot,1951,2:15,135,Concert Artist 9180/12 ,9066-15,precor,mazurka24-2/pid9066-15,2
67.2,G min,Sztompka,1959,1:47,107,Muza PNOD 313 A/B,9170b-16,-,mazurka67-2/pid9170b-16,22
6.1,F# min,Sztompka,1959,2:32,152,Muza PNOD 313 A/B,9170-01,-,mazurka06-1/pid9170-01,22
33.1,G# min,Czerny-Stefanska,1989,1:49,109,Pony Canyon Classics PCCL-00460,9192-22,-,mazurka33-1/pid9192-22,3
7.5,C maj,Magaloff,1977,0:38,38,Phillips 426 817/29-2,9074f-09,-,mazurka07-5/pid9074f-09,13
56.3,C min,Fou,2005,6:36,396,NIFC CD001,9092-04,-,mazurka56-3/pid9092-04,6
33.1,G# min,Ohlsson,1999,2:04,124,Arabesque Z6730-2,9153-22,-,mazurka33-1/pid9153-22,16
63.1,B maj,Uninsky,1971,2:00,120,Philips 442 574-2,9061b-07,-,mazurka63-1/pid9061b-07,23
24.4,B min,Rubinstein,1952,5:29,329,BMG 09026 63027-2,9075-17,-,mazurka24-4/pid9075-17,20
41.1,C# min,Ashkenazy,1981,3:30,210,Decca 448 086-2,9058-26,-,mazurka41-1/pid9058-26,0
33.3,C maj,Ohlsson,1999,1:34,94,Arabesque Z6730-2,9153-24,-,mazurka33-3/pid9153-24,16
30.3,D maj,Malcuzynski,1961,2:59,179,EMI CZS 5 68226 2,918904-05,-,mazurka30-3/pid918904-05,14
63.3,C# min,Rosenthal,1930,1:36,96,Biddulph LHW 040,9183-05,-,mazurka63-3/pid9183-05,19
6.1,F# min,Ferenczy,1958,3:50,230,Hungaroton HCD 32121,9097-09,-,mazurka06-1/pid9097-09,4
24.3,A maj,Kushner,1990,2:15,135,Connoisseur CD4181/2,9118-16,-,mazurka24-3/pid9118-16,11
63.2,F min,Rubinstein,1952,1:32,92,BMG 09026 63027-2,9075b-11,-,mazurka63-2/pid9075b-11,20
63.3,C# min,Uninsky,1971,2:10,130,Philips 442 574-2,9061b-09,precor,mazurka63-3/pid9061b-09,23
59.1,A min,Fiorentino,1962,4:26,266,Con. Artist 9200-2 ,9065-23,-,mazurka59-1/pid9065-23,5
68.3,F maj,Ashkenazy,1981,1:14,74,Decca 448 086-2,9058b-19,precor,mazurka68-3/pid9058b-19,0
63.1,B maj,Cortot,1951,2:07,127,Concert Artist 9180/12 ,9066b-10,-,mazurka63-1/pid9066b-10,2
67.3,C maj,Rubinstein,1939,1:38,98,Naxos 8.110656-57,9049b-15,-,mazurka67-3/pid9049b-15,20
17.4,A min,Uninsky,1971,4:06,246,Philips 442 574-2,9061-13,precor,mazurka17-4/pid9061-13,23
30.1,C min,Sztompka,1959,1:57,117,Muza PNOD 313 A/B,9170-18,-,mazurka30-1/pid9170-18,22
17.2,E min,Czerny-Stefanska,1989,1:55,115,Pony Canyon Classics PCCL-00460,9192-11,-,mazurka17-2/pid9192-11,3
17.3,A maj,Rubinstein,1939,4:09,249,Naxos 8.110656-57,9049-12,-,mazurka17-3/pid9049-12,20
6.1,F# min,Czerny-Stefanska,1989,3:19,199,Pony Canyon Classics PCCL-00460,9192-01,-,mazurka06-1/pid9192-01,3
68.4,F min,Rubinstein,1966,3:12,192,BMG 09026-63050-2,9059b-24,-,mazurka68-4/pid9059b-24,20
7.1,B maj,Ashkenazy,1981,1:47,107,Decca 448 086-2,9058-05,-,mazurka07-1/pid9058-05,0
7.4,A maj,Magaloff,1977,1:08,68,Phillips 426 817/29-2,9074f-08,-,mazurka07-4/pid9074f-08,13
30.1,C min,Rubinstein,1939,1:35,95,Naxos 8.110656-57,9049-18,-,mazurka30-1/pid9049-18,20
50.1,G maj,Poblocka,1999,2:32,152,BeArTon CDB012/13,9093b-07,-,mazurka50-1/pid9093b-07,18
17.2,E min,Rubinstein,1966,1:58,118,BMG 09026-63050-2,9059-11,-,mazurka17-2/pid9059-11,20
33.1,G# min,Francois,1956,1:36,96,EMI CZS 7 67413 2,9070b-05,-,mazurka33-1/pid9070b-05,7
41.2,E min,Sofronitsky,1961,2:21,141,Classound 001-026 ,9113-10,-,mazurka41-2/pid9113-10,21
17.1,B maj,Luisada,1990,2:26,146,DG 463054-2,9055-10,-,mazurka17-1/pid9055-10,12
63.2,F min,Cortot,1951,1:57,117,Concert Artist 9180/12 ,9066b-11,-,mazurka63-2/pid9066b-11,2
33.3,C maj,Ashkenazy,1981,1:28,88,Decca 448 086-2,9058-24,-,mazurka33-3/pid9058-24,0
59.3,F# min,Rubinstein,1952,3:15,195,BMG 09026 63027-2,9075b-09,-,mazurka59-3/pid9075b-09,20
33.3,C maj,Czerny-Stefanska,1989,1:54,114,Pony Canyon Classics PCCL-00460,9192-24,-,mazurka33-3/pid9192-24,3
33.4,B min,Sztompka,1959,5:48,348,Muza PNOD 313 A/B,9170-25,-,mazurka33-4/pid9170-25,22
63.2,F min,Sztompka,1959,1:38,98,Muza PNOD 313 A/B,9170b-11,-,mazurka63-2/pid9170b-11,22
68.4,F min,Bacha,2000,3:15,195,Forlane 126817,9166l-17,-,mazurka68-4/pid9166l-17,1
6.2,C# min,Kushner,1990,2:31,151,Connoisseur CD4181/2,9118-02,-,mazurka06-2/pid9118-02,11
7.2,A min,Ashkenazy,1981,3:14,194,Decca 448 086-2,9058-06,-,mazurka07-2/pid9058-06,0
33.4,B min,Ferenczy,1956,4:37,277,Hungaroton HCD 32121,9097-02,-,mazurka33-4/pid9097-02,4
50.3,C# min,Francois,1956,4:21,261,EMI CZS 7 67413 2,9070b-15,-,mazurka50-3/pid9070b-15,7
50.2,A maj,Francois,1956,2:14,134,EMI CZS 7 67413 2,9070b-14,-,mazurka50-2/pid9070b-14,7
17.2,E min,Uninsky,1971,1:45,105,Philips 442 574-2,9061-11,-,mazurka17-2/pid9061-11,23
33.4,B min,Hatto,2006,4:53,293,Con. Artist 9270/12,9073-27,-,mazurka33-4/pid9073-27,9
68.1,C maj,Rubinstein,1952,1:30,90,BMG 09026 63027-2,9075b-17,-,mazurka68-1/pid9075b-17,20
67.3,C maj,Sztompka,1959,1:34,94,Muza PNOD 313 A/B,9170b-17,-,mazurka67-3/pid9170b-17,22
17.3,A maj,Francois,1956,3:31,211,EMI CZS 7 67413 2,9070-20,-,mazurka17-3/pid9070-20,7
63.1,B maj,Perlemuter,1992,2:23,143,Nimbus NI5393,9089-05,-,mazurka63-1/pid9089-05,17
56.1,B maj,Poblocka,1999,4:42,282,BeArTon CDB012/13,9093b-10,-,mazurka56-1/pid9093b-10,18
7.3,F min,Rubinstein,1966,2:51,171,BMG 09026-63050-2,9059-07,-,mazurka07-3/pid9059-07,20
67.2,G min,Uninsky,1971,1:42,102,Philips 442 574-2,9061b-11,-,mazurka67-2/pid9061b-11,23
67.4,A min,Michelangeli,1971,3:06,186,Philips 456 904-2,5667269b-33,tap05,mazurka67-4/pid5667269b-33,15
30.4,C# min,Kushner,1990,3:43,223,Connoisseur CD4181/2,9118-21,-,mazurka30-4/pid9118-21,11
17.3,A maj,Hatto,2006,3:34,214,Con. Artist 9270/12,9073-14,-,mazurka17-3/pid9073-14,9
68.3,F maj,Fou,1978,1:25,85,Sony SB2K 53 246,9071-04,precor,mazurka68-3/pid9071-04,6
17.2,E min,Hatto,2006,2:08,128,Con. Artist 9270/12,9073-13,-,mazurka17-2/pid9073-13,9
59.2,A maj,Rubinstein,1966,2:35,155,BMG 09026-63050-2,9059b-12,-,mazurka59-2/pid9059b-12,20
30.2,B min,Cortot,1951,1:28,88,Concert Artist 9180/12 ,9066-19,precor,mazurka30-2/pid9066-19,2
30.4,C# min,Sztompka,1959,4:00,240,Muza PNOD 313 A/B,9170-21,-,mazurka30-4/pid9170-21,22
17.3,A maj,Magaloff,1977,3:34,214,Phillips 426 817/29-2,9074f-12,-,mazurka17-3/pid9074f-12,13
68.3,F maj,Sztompka,1959,1:40,100,Muza PNOD 313 A/B,9170b-21,-,mazurka68-3/pid9170b-21,22
50.1,G maj,Hatto,2006,2:18,138,Con. Artist 9270/12,9073b-05,-,mazurka50-1/pid9073b-05,9
59.3,F# min,Rubinstein,1966,3:39,219,BMG 09026-63050-2,9059b-13,-,mazurka59-3/pid9059b-13,20
63.3,C# min,Hatto,2006,2:20,140,Con. Artist 9270/12,9073b-16,precor,mazurka63-3/pid9073b-16,9
67.2,G min,Hatto,2006,1:50,110,Con. Artist 9270/12,9073b-20,-,mazurka67-2/pid9073b-20,9
50.2,A maj,Rubinstein,1966,3:07,187,BMG 09026-63050-2,9059b-06,-,mazurka50-2/pid9059b-06,20
7.3,F min,Rubinstein,1952,2:46,166,BMG 09026 63027-2,9075-07,-,mazurka07-3/pid9075-07,20
67.4,A min,Ferenczy,1958,3:24,204,Hungaroton HCD 32121,9097-25,-,mazurka67-4/pid9097-25,4
63.2,F min,Ashkenazy,1981,2:08,128,Decca 448 086-2,9058b-11,-,mazurka63-2/pid9058b-11,0
6.4,E min,Ferenczy,1958,1:30,90,Hungaroton HCD 32121,9097-11,-,mazurka06-4/pid9097-11,4
6.4,E min,Rubinstein,1939,0:26,26,Naxos 8.110656-57,9049-04,-,mazurka06-4/pid9049-04,20
7.5,C maj,Francois,1956,0:28,28,EMI CZS 7 67413 2,9070-17,-,mazurka07-5/pid9070-17,7
33.2,D maj,Ashkenazy,1982,2:02,122,London 410 122-2,50848-10,-,mazurka33-2/pid50848-10,0
6.3,E maj,Rubinstein,1939,1:52,112,Muza PNCD 300,9091-20,-,mazurka06-3/pid9091-20,20
33.3,C maj,Rubinstein,1966,1:35,95,BMG 09026-63050-2,9059-24,-,mazurka33-3/pid9059-24,20
59.1,A min,Fou,1978,3:37,217,Sony SB2K 53 246,9071b-17,-,mazurka59-1/pid9071b-17,6
33.4,B min,Perlemuter,1992,5:00,300,Nimbus NI5393,9089-09,-,mazurka33-4/pid9089-09,17
6.3,E maj,Czerny-Stefanska,1989,2:17,137,Pony Canyon Classics PCCL-00460,9192-03,-,mazurka06-3/pid9192-03,3
7.5,C maj,Poblocka,1999,0:41,41,BeArTon CDB012/13,9093-05,-,mazurka07-5/pid9093-05,18
50.3,C# min,Uninsky,1959,5:06,306,Philips 442 574-2,9061-32,-,mazurka50-3/pid9061-32,23
59.1,A min,Rubinstein,1966,3:51,231,BMG 09026-63050-2,9059b-11,-,mazurka59-1/pid9059b-11,20
68.2,A min,Cortot,1951,3:30,210,Concert Artist 9180/12 ,9066b-18,-,mazurka68-2/pid9066b-18,2
67.2,G min,Ashkenazy,1981,1:55,115,Decca 448 086-2,9058b-14,-,mazurka67-2/pid9058b-14,0
24.3,A maj,Rosenthal,1937,1:30,90,Membran 222913-321,9057j-01,-,mazurka24-3/pid9057j-01,19
7.5,C maj,Czerny-Stefanska,1989,0:57,57,Pony Canyon Classics PCCL-00460,9192-09,-,mazurka07-5/pid9192-09,3
17.3,A maj,Cortot,1951,5:20,320,Concert Artist 9180/12 ,9066-12,-,mazurka17-3/pid9066-12,2
59.2,A maj,Poblocka,1999,2:25,145,BeArTon CDB012/13,9093b-14,-,mazurka59-2/pid9093b-14,18
41.2,E min,Fou,1978,2:33,153,Sony SB2K 53 246,9071b-05,-,mazurka41-2/pid9071b-05,6
33.3,C maj,Sztompka,1959,1:24,84,Muza PNOD 313 A/B,9170-23,-,mazurka33-3/pid9170-23,22
33.4,B min,Uninsky,1959,5:07,307,Philips 442 574-2,9061-25,-,mazurka33-4/pid9061-25,23
33.4,B min,Luisada,1990,4:54,294,DG 463054-2,9055-25,-,mazurka33-4/pid9055-25,12
59.1,A min,Hatto,2006,4:14,254,Con. Artist 9270/12,9073b-11,-,mazurka59-1/pid9073b-11,9
68.2,A min,Rubinstein,1939,2:47,167,Naxos 8.110656-57,9049b-18,tap05,mazurka68-2/pid9049b-18,20
7.3,F min,Francois,1956,2:07,127,EMI CZS 7 67413 2,9070-15,-,mazurka07-3/pid9070-15,7
24.1,G min,Ferenczy,1958,3:15,195,Hungaroton HCD 32121,9097-16,-,mazurka24-1/pid9097-16,4
6.4,E min,Magaloff,1977,0:46,46,Phillips 426 817/29-2,9074f-04,-,mazurka06-4/pid9074f-04,13
67.4,A min,Ashkenazy,1981,2:28,148,Decca 448 086-2,9058b-16,-,mazurka67-4/pid9058b-16,0
33.4,B min,Kushner,1990,5:21,321,Connoisseur CD4181/2,9118-25,-,mazurka33-4/pid9118-25,11
6.4,E min,Sofronitsky,1949,0:46,46,Vista Vera VVCD-00118-2,9114-31,-,mazurka06-4/pid9114-31,21
63.2,F min,Fiorentino,1963,1:47,107,Con. Artist 9200-2 ,9065-26,-,mazurka63-2/pid9065-26,5
17.2,E min,Magaloff,1977,1:56,116,Philips 456 898-2,5667267b-08,xprecor,mazurka17-2/pid5667267b-08,13
30.4,C# min,Rubinstein,1939,3:33,213,Naxos 8.110656-57,9049-21,-,mazurka30-4/pid9049-21,20
30.4,C# min,Ohlsson,1999,3:45,225,Arabesque Z6730-2,9153-21,-,mazurka30-4/pid9153-21,16
33.2,D maj,Rubinstein,1939,2:24,144,Naxos 8.110656-57,9049-23,-,mazurka33-2/pid9049-23,20
7.1,B maj,Cortot,1951,2:25,145,Concert Artist 9180/12 ,9066-05,-,mazurka07-1/pid9066-05,2
56.3,C min,Rubinstein,1952,5:26,326,BMG 09026 63027-2,9075b-06,-,mazurka56-3/pid9075b-06,20
56.3,C min,Ashkenazy,1981,5:55,355,Decca 448 086-2,9058b-06,-,mazurka56-3/pid9058b-06,0
56.2,C maj,Bacha,2000,1:31,91,Forlane 126817,9166k-06,-,mazurka56-2/pid9166k-06,1
63.3,C# min,Sztompka,1959,2:01,121,Muza PNOD 313 A/B,9170b-12,-,mazurka63-3/pid9170b-12,22
6.1,F# min,Ohlsson,1999,2:35,155,Arabesque Z6730-2,9153-01,-,mazurka06-1/pid9153-01,16
17.1,B maj,Hatto,2006,2:02,122,Con. Artist 9270/12,9073-12,-,mazurka17-1/pid9073-12,9
63.3,C# min,Ashkenazy,1981,2:24,144,Decca 448 086-2,9058b-12,precor,mazurka63-3/pid9058b-12,0
56.2,C maj,Fou,1978,1:49,109,Sony SB2K 53 246,9071b-15,-,mazurka56-2/pid9071b-15,6
41.2,E min,Poblocka,1999,2:07,127,BeArTon CDB012/13,9093b-01,-,mazurka41-2/pid9093b-01,18
50.2,A maj,Fou,2005,3:05,185,NIFC CD001,9092-09,-,mazurka50-2/pid9092-09,6
59.1,A min,Ashkenazy,1981,4:29,269,Decca 448 086-2,9058b-07,-,mazurka59-1/pid9058b-07,0
63.3,C# min,Poblocka,1999,1:56,116,BeArTon CDB012/13,9093b-18,precor,mazurka63-3/pid9093b-18,18
63.2,F min,Fou,2005,1:46,106,NIFC CD001,9092-05,-,mazurka63-2/pid9092-05,6
7.4,A maj,Sztompka,1959,1:13,73,Muza PNOD 313 A/B,9170-09,-,mazurka07-4/pid9170-09,22
41.2,E min,Czerny-Stefanska,1989,2:16,136,Pony Canyon Classics PCCL-00460,9192-27,-,mazurka41-2/pid9192-27,3
6.2,C# min,Rubinstein,1966,2:42,162,BMG 09026-63050-2,9059-02,-,mazurka06-2/pid9059-02,20
24.3,A maj,Rubinstein,1952,2:03,123,BMG 09026 63027-2,9075-16,-,mazurka24-3/pid9075-16,20
63.2,F min,Uninsky,1971,1:51,111,Philips 442 574-2,9061b-08,-,mazurka63-2/pid9061b-08,23
68.4,F min,Malcuzynski,1961,1:58,118,EMI CZS 5 68226 2,918904-15,-,mazurka68-4/pid918904-15,14
63.1,B maj,Hatto,2006,1:56,116,Con. Artist 9270/12,9073b-14,-,mazurka63-1/pid9073b-14,9
59.1,A min,Perlemuter,1992,3:48,228,Nimbus NI5393,9089-02,-,mazurka59-1/pid9089-02,17
67.1,G maj,Rubinstein,1939,1:09,69,Naxos 8.110656-57,9049b-13,xprecor,mazurka67-1/pid9049b-13,20
68.1,C maj,Ohlsson,1999,1:25,85,Arabesque Z6730-2,9153b-19,-,mazurka68-1/pid9153b-19,16
17.4,A min,Rubinstein,1939,4:16,256,Naxos 8.110656-57,9049-13,precor,mazurka17-4/pid9049-13,20
33.3,C maj,Sofronitsky,1961,1:20,80,Classound 001-026 ,9113-12,-,mazurka33-3/pid9113-12,21
63.1,B maj,Francois,1956,2:11,131,EMI CZS 7 67413 2,9070b-22,-,mazurka63-1/pid9070b-22,7
33.2,D maj,Rubinstein,1952,2:24,144,BMG 09026 63027-2,9075-23,-,mazurka33-2/pid9075-23,20
24.4,B min,Magaloff,1977,5:29,329,Phillips 426 817/29-2,9074f-17,-,mazurka24-4/pid9074f-17,13
30.2,B min,Francois,1956,1:11,71,EMI CZS 7 67413 2,9070b-02,precor,mazurka30-2/pid9070b-02,7
7.2,A min,Kushner,1990,3:45,225,Connoisseur CD4181/2,9118-06,-,mazurka07-2/pid9118-06,11
63.1,B maj,Sztompka,1959,2:13,133,Muza PNOD 313 A/B,9170b-10,-,mazurka63-1/pid9170b-10,22
63.3,C# min,Friedman,1923,2:15,135,Selene CD-s 9908.53,9148-15,-,mazurka63-3/pid9148-15,8
67.4,A min,Malcuzynski,1961,2:50,170,EMI CZS 5 68226 2,918904-13,-,mazurka67-4/pid918904-13,14
68.1,C maj,Sztompka,1959,1:40,100,Muza PNOD 313 A/B,9170b-19,-,mazurka68-1/pid9170b-19,22
56.3,C min,Hatto,2006,5:45,345,Con. Artist 9270/12,9073b-10,-,mazurka56-3/pid9073b-10,9
33.3,C maj,Francois,1956,1:40,100,EMI CZS 7 67413 2,9070b-07,-,mazurka33-3/pid9070b-07,7
